{
    "index_score_analysis": {
        "end_year_score": 96.3501,
        "start_year_score": 95.9946,
        "percentage_change": 0.3703333312498746
    },
    "voting_behavior_overall": {
        "total_votes": 2912,
        "yes_votes": 2493,
        "no_votes": 20,
        "abstain_votes": 399,
        "yes_percentage": 85.61126373626374,
        "no_percentage": 0.6868131868131868,
        "abstain_percentage": 13.701923076923078
    },
    "pillar_scores_timeseries": [
        {
            "Year": 1990,
            "Pillar 1 Score": 97.1148,
            "Pillar 2 Score": 95.7122,
            "Pillar 3 Score": 95.1567
        },
        {
            "Year": 1991,
            "Pillar 1 Score": 87.5183,
            "Pillar 2 Score": 74.5814,
            "Pillar 3 Score": 75.0789
        },
        {
            "Year": 1992,
            "Pillar 1 Score": 84.4763,
            "Pillar 2 Score": 81.0241,
            "Pillar 3 Score": 81.8168
        },
        {
            "Year": 1993,
            "Pillar 1 Score": 86.2037,
            "Pillar 2 Score": 79.6173,
            "Pillar 3 Score": 81.4152
        },
        {
            "Year": 1994,
            "Pillar 1 Score": 87.4328,
            "Pillar 2 Score": 90.9564,
            "Pillar 3 Score": 91.4141
        },
        {
            "Year": 1995,
            "Pillar 1 Score": 89.4987,
            "Pillar 2 Score": 87.5474,
            "Pillar 3 Score": 87.9332
        },
        {
            "Year": 1996,
            "Pillar 1 Score": 92.8509,
            "Pillar 2 Score": 87.725,
            "Pillar 3 Score": 87.2299
        },
        {
            "Year": 1997,
            "Pillar 1 Score": 93.2926,
            "Pillar 2 Score": 86.6816,
            "Pillar 3 Score": 87.2847
        },
        {
            "Year": 1998,
            "Pillar 1 Score": 91.8904,
            "Pillar 2 Score": 90.4626,
            "Pillar 3 Score": 89.1908
        },
        {
            "Year": 1999,
            "Pillar 1 Score": 93.1667,
            "Pillar 2 Score": 93.4144,
            "Pillar 3 Score": 93.5011
        },
        {
            "Year": 2000,
            "Pillar 1 Score": 96.5918,
            "Pillar 2 Score": 94.2144,
            "Pillar 3 Score": 93.9258
        },
        {
            "Year": 2001,
            "Pillar 1 Score": 96.6161,
            "Pillar 2 Score": 88.4409,
            "Pillar 3 Score": 88.358
        },
        {
            "Year": 2002,
            "Pillar 1 Score": 92.8722,
            "Pillar 2 Score": 89.2852,
            "Pillar 3 Score": 89.7568
        },
        {
            "Year": 2003,
            "Pillar 1 Score": 92.4451,
            "Pillar 2 Score": 88.2963,
            "Pillar 3 Score": 87.8771
        },
        {
            "Year": 2004,
            "Pillar 1 Score": 95.0516,
            "Pillar 2 Score": 90.6286,
            "Pillar 3 Score": 90.7942
        },
        {
            "Year": 2005,
            "Pillar 1 Score": 90.525,
            "Pillar 2 Score": 96.2017,
            "Pillar 3 Score": 95.7106
        },
        {
            "Year": 2006,
            "Pillar 1 Score": 90.8045,
            "Pillar 2 Score": 97.8246,
            "Pillar 3 Score": 97.6185
        },
        {
            "Year": 2007,
            "Pillar 1 Score": 93.8038,
            "Pillar 2 Score": 93.6208,
            "Pillar 3 Score": 94.75
        },
        {
            "Year": 2008,
            "Pillar 1 Score": 94.2183,
            "Pillar 2 Score": 94.8019,
            "Pillar 3 Score": 95.3763
        },
        {
            "Year": 2009,
            "Pillar 1 Score": 94.3874,
            "Pillar 2 Score": 94.7149,
            "Pillar 3 Score": 95.2909
        },
        {
            "Year": 2010,
            "Pillar 1 Score": 94.5406,
            "Pillar 2 Score": 94.4004,
            "Pillar 3 Score": 95.019
        },
        {
            "Year": 2011,
            "Pillar 1 Score": 94.7708,
            "Pillar 2 Score": 95.6124,
            "Pillar 3 Score": 95.4889
        },
        {
            "Year": 2012,
            "Pillar 1 Score": 95.5069,
            "Pillar 2 Score": 97.2899,
            "Pillar 3 Score": 96.3712
        },
        {
            "Year": 2013,
            "Pillar 1 Score": 96.2358,
            "Pillar 2 Score": 97.736,
            "Pillar 3 Score": 97.0095
        },
        {
            "Year": 2014,
            "Pillar 1 Score": 96.8691,
            "Pillar 2 Score": 98.5911,
            "Pillar 3 Score": 97.93
        },
        {
            "Year": 2015,
            "Pillar 1 Score": 98.0902,
            "Pillar 2 Score": 96.7815,
            "Pillar 3 Score": 96.5247
        },
        {
            "Year": 2016,
            "Pillar 1 Score": 98.578,
            "Pillar 2 Score": 96.2674,
            "Pillar 3 Score": 96.0924
        },
        {
            "Year": 2017,
            "Pillar 1 Score": 98.2275,
            "Pillar 2 Score": 95.1617,
            "Pillar 3 Score": 95.0624
        },
        {
            "Year": 2018,
            "Pillar 1 Score": 96.5173,
            "Pillar 2 Score": 95.1574,
            "Pillar 3 Score": 95.1648
        },
        {
            "Year": 2019,
            "Pillar 1 Score": 96.5051,
            "Pillar 2 Score": 95.932,
            "Pillar 3 Score": 95.3106
        },
        {
            "Year": 2020,
            "Pillar 1 Score": 97.2906,
            "Pillar 2 Score": 95.9359,
            "Pillar 3 Score": 95.8238
        }
    ],
    "top_allies": [
        {
            "country": "JAM",
            "average_similarity_score": 0.8059026451612903
        },
        {
            "country": "URY",
            "average_similarity_score": 0.8037987096774194
        },
        {
            "country": "PRY",
            "average_similarity_score": 0.8021873870967743
        },
        {
            "country": "PER",
            "average_similarity_score": 0.8019856129032259
        },
        {
            "country": "BRA",
            "average_similarity_score": 0.7986569677419354
        }
    ],
    "top_enemies": [
        {
            "country": "ISR",
            "average_similarity_score": -0.2476644516129032
        },
        {
            "country": "USA",
            "average_similarity_score": -0.11963067741935483
        },
        {
            "country": "PLW",
            "average_similarity_score": 0.043731419354838715
        },
        {
            "country": "SSD",
            "average_similarity_score": 0.14881525806451615
        },
        {
            "country": "NRU",
            "average_similarity_score": 0.1634391935483871
        }
    ],
    "top_supported_topics": [
        {
            "TopicTag": "AIR TRANSPORT",
            "support_percentage": 100.0
        },
        {
            "TopicTag": "COMMODITIES",
            "support_percentage": 100.0
        },
        {
            "TopicTag": "COMMUNICATION AND MASS MEDIA",
            "support_percentage": 100.0
        }
    ],
    "top_opposed_topics": [
        {
            "TopicTag": "PHILOSOPHY AND RELIGION",
            "opposition_percentage": 7.6923076923076925
        },
        {
            "TopicTag": "POLITICAL EVENTS AND ISSUES",
            "opposition_percentage": 1.935483870967742
        },
        {
            "TopicTag": "INTERNATIONAL RELATIONS",
            "opposition_percentage": 1.4097744360902256
        }
    ]
}