theme,pillar,significance,direction,score_2023,score_2024,change_points,change_percentage,resolutions_2023,resolutions_2024,yes_rate_2023,yes_rate_2024,yes_rate_change,voting_pattern_2023,voting_pattern_2024,example_2023_date,example_2023_vote,example_2023_title,example_2023_resolution,example_2024_date,example_2024_vote,example_2024_title,example_2024_resolution
OIL POLLUTION,Pillar3_Normalized,Major,Increase,3.28,99.79,96.51,2943.0,3,3,66.7,100.0,33.3,YES:2 NO:0 ABSTAIN:1,YES:3 NO:0 ABSTAIN:0,2023-12-19,ABSTAIN,Oil slick on Lebanese shores : resolution / adopted by the General Assembly,A/RES/78/143,2024-12-02,YES,Preventing the acquisition by terrorists of radioactive sources : resolution / adopted by the Genera...,A/RES/79/55
MARINE ENVIRONMENT,Pillar3_Normalized,Major,Increase,3.28,99.79,96.51,2943.0,6,4,83.3,100.0,16.700000000000003,YES:5 NO:0 ABSTAIN:1,YES:4 NO:0 ABSTAIN:0,2023-08-01,YES,Agreement under the United Nations Convention on the Law of the Sea on the Conservation and Sustaina...,A/RES/77/321,2024-04-24,YES,Agreement under the United Nations Convention on the Law of the Sea on the Conservation and Sustaina...,A/RES/78/272
MARINE ENVIRONMENT,Pillar3,Major,Increase,3.65,99.79,96.14,2631.9,6,4,83.3,100.0,16.700000000000003,YES:5 NO:0 ABSTAIN:1,YES:4 NO:0 ABSTAIN:0,2023-08-01,YES,Agreement under the United Nations Convention on the Law of the Sea on the Conservation and Sustaina...,A/RES/77/321,2024-04-24,YES,Agreement under the United Nations Convention on the Law of the Sea on the Conservation and Sustaina...,A/RES/78/272
OIL POLLUTION,Pillar3,Major,Increase,3.65,99.79,96.14,2631.9,3,3,66.7,100.0,33.3,YES:2 NO:0 ABSTAIN:1,YES:3 NO:0 ABSTAIN:0,2023-12-19,ABSTAIN,Oil slick on Lebanese shores : resolution / adopted by the General Assembly,A/RES/78/143,2024-12-02,YES,Preventing the acquisition by terrorists of radioactive sources : resolution / adopted by the Genera...,A/RES/79/55
COMPUTER SCIENCE AND TECHNOLOGY,Pillar3_Normalized,Major,Increase,5.62,99.94,94.32,1677.8,7,8,85.7,87.5,1.7999999999999972,YES:6 NO:0 ABSTAIN:1,YES:7 NO:0 ABSTAIN:1,2023-12-04,YES,Comprehensive Nuclear-Test-Ban Treaty : resolution / adopted by the General Assembly,A/RES/78/66,2024-12-02,YES,Comprehensive Nuclear-Test-Ban Treaty : resolution / adopted by the General Assembly,A/RES/79/77
COMPUTER SCIENCE AND TECHNOLOGY,Pillar3,Major,Increase,5.99,99.94,93.96,1569.6,7,8,85.7,87.5,1.7999999999999972,YES:6 NO:0 ABSTAIN:1,YES:7 NO:0 ABSTAIN:1,2023-12-04,YES,Comprehensive Nuclear-Test-Ban Treaty : resolution / adopted by the General Assembly,A/RES/78/66,2024-12-02,YES,Comprehensive Nuclear-Test-Ban Treaty : resolution / adopted by the General Assembly,A/RES/79/77
WELFARE AND SOCIAL SERVICES,Pillar3_Normalized,Major,Increase,5.58,98.16,92.58,1660.0,1,1,0.0,100.0,100.0,YES:0 NO:0 ABSTAIN:1,YES:1 NO:0 ABSTAIN:0,2023-12-07,ABSTAIN,Assistance to Palestine refugees : resolution / adopted by the General Assembly,A/RES/78/74,2024-12-24,YES,"Proposed programme budget for 2025 : Section 26, Palestine refugees : resolution / adopted by the Ge...",A/RES/79/256
RESOURCES (GENERAL),Pillar3_Normalized,Major,Increase,7.13,99.69,92.56,1298.1,1,1,0.0,100.0,100.0,YES:0 NO:0 ABSTAIN:1,YES:1 NO:0 ABSTAIN:0,2023-12-19,ABSTAIN,"Permanent sovereignty of the Palestinian people in the Occupied Palestinian Territory, including Eas...",A/RES/78/170,2024-12-19,YES,"Permanent sovereignty of the Palestinian people in the Occupied Palestinian Territory, including Eas...",A/RES/79/229
WELFARE AND SOCIAL SERVICES,Pillar3,Major,Increase,5.94,98.17,92.23,1552.2,1,1,0.0,100.0,100.0,YES:0 NO:0 ABSTAIN:1,YES:1 NO:0 ABSTAIN:0,2023-12-07,ABSTAIN,Assistance to Palestine refugees : resolution / adopted by the General Assembly,A/RES/78/74,2024-12-24,YES,"Proposed programme budget for 2025 : Section 26, Palestine refugees : resolution / adopted by the Ge...",A/RES/79/256
RESOURCES (GENERAL),Pillar3,Major,Increase,7.49,99.69,92.2,1231.2,1,1,0.0,100.0,100.0,YES:0 NO:0 ABSTAIN:1,YES:1 NO:0 ABSTAIN:0,2023-12-19,ABSTAIN,"Permanent sovereignty of the Palestinian people in the Occupied Palestinian Territory, including Eas...",A/RES/78/170,2024-12-19,YES,"Permanent sovereignty of the Palestinian people in the Occupied Palestinian Territory, including Eas...",A/RES/79/229
PERMANENT SOVEREIGNTY,Pillar3_Normalized,Major,Increase,7.84,99.69,91.85,1171.8,1,1,0.0,100.0,100.0,YES:0 NO:0 ABSTAIN:1,YES:1 NO:0 ABSTAIN:0,2023-12-19,ABSTAIN,"Permanent sovereignty of the Palestinian people in the Occupied Palestinian Territory, including Eas...",A/RES/78/170,2024-12-19,YES,"Permanent sovereignty of the Palestinian people in the Occupied Palestinian Territory, including Eas...",A/RES/79/229
PALESTINE REFUGEES,Pillar3_Normalized,Major,Increase,7.04,98.69,91.65,1301.0,4,2,0.0,100.0,100.0,YES:0 NO:0 ABSTAIN:4,YES:2 NO:0 ABSTAIN:0,2023-12-07,ABSTAIN,Operations of the United Nations Relief and Works Agency for Palestine Refugees in the Near East : r...,A/RES/78/73,2024-12-11,YES,Support for the mandate of the United Nations Relief and Works Agency for Palestine Refugees in the ...,A/RES/ES-10/25
PERMANENT SOVEREIGNTY,Pillar3,Major,Increase,8.19,99.69,91.49,1116.6,1,1,0.0,100.0,100.0,YES:0 NO:0 ABSTAIN:1,YES:1 NO:0 ABSTAIN:0,2023-12-19,ABSTAIN,"Permanent sovereignty of the Palestinian people in the Occupied Palestinian Territory, including Eas...",A/RES/78/170,2024-12-19,YES,"Permanent sovereignty of the Palestinian people in the Occupied Palestinian Territory, including Eas...",A/RES/79/229
PALESTINE REFUGEES,Pillar3,Major,Increase,7.4,98.7,91.3,1233.2,4,2,0.0,100.0,100.0,YES:0 NO:0 ABSTAIN:4,YES:2 NO:0 ABSTAIN:0,2023-12-07,ABSTAIN,Operations of the United Nations Relief and Works Agency for Palestine Refugees in the Near East : r...,A/RES/78/73,2024-12-11,YES,Support for the mandate of the United Nations Relief and Works Agency for Palestine Refugees in the ...,A/RES/ES-10/25
WELFARE AND SOCIAL SERVICES,Pillar2_Normalized,Major,Increase,11.83,100.0,88.17,745.3,1,1,0.0,100.0,100.0,YES:0 NO:0 ABSTAIN:1,YES:1 NO:0 ABSTAIN:0,2023-12-07,ABSTAIN,Assistance to Palestine refugees : resolution / adopted by the General Assembly,A/RES/78/74,2024-12-24,YES,"Proposed programme budget for 2025 : Section 26, Palestine refugees : resolution / adopted by the Ge...",A/RES/79/256
PALESTINE REFUGEES,Pillar2_Normalized,Major,Increase,12.36,100.0,87.64,709.3,4,2,0.0,100.0,100.0,YES:0 NO:0 ABSTAIN:4,YES:2 NO:0 ABSTAIN:0,2023-12-07,ABSTAIN,Operations of the United Nations Relief and Works Agency for Palestine Refugees in the Near East : r...,A/RES/78/73,2024-12-11,YES,Support for the mandate of the United Nations Relief and Works Agency for Palestine Refugees in the ...,A/RES/ES-10/25
MARINE ENVIRONMENT,Pillar2_Normalized,Major,Increase,11.83,98.97,87.14,736.6,6,4,83.3,100.0,16.700000000000003,YES:5 NO:0 ABSTAIN:1,YES:4 NO:0 ABSTAIN:0,2023-08-01,YES,Agreement under the United Nations Convention on the Law of the Sea on the Conservation and Sustaina...,A/RES/77/321,2024-04-24,YES,Agreement under the United Nations Convention on the Law of the Sea on the Conservation and Sustaina...,A/RES/78/272
OIL POLLUTION,Pillar2_Normalized,Major,Increase,11.83,98.97,87.14,736.6,3,3,66.7,100.0,33.3,YES:2 NO:0 ABSTAIN:1,YES:3 NO:0 ABSTAIN:0,2023-12-19,ABSTAIN,Oil slick on Lebanese shores : resolution / adopted by the General Assembly,A/RES/78/143,2024-12-02,YES,Preventing the acquisition by terrorists of radioactive sources : resolution / adopted by the Genera...,A/RES/79/55
RESOURCES (GENERAL),Pillar2_Normalized,Major,Increase,11.83,98.97,87.14,736.6,1,1,0.0,100.0,100.0,YES:0 NO:0 ABSTAIN:1,YES:1 NO:0 ABSTAIN:0,2023-12-19,ABSTAIN,"Permanent sovereignty of the Palestinian people in the Occupied Palestinian Territory, including Eas...",A/RES/78/170,2024-12-19,YES,"Permanent sovereignty of the Palestinian people in the Occupied Palestinian Territory, including Eas...",A/RES/79/229
PERMANENT SOVEREIGNTY,Pillar2_Normalized,Major,Increase,11.83,98.97,87.14,736.6,1,1,0.0,100.0,100.0,YES:0 NO:0 ABSTAIN:1,YES:1 NO:0 ABSTAIN:0,2023-12-19,ABSTAIN,"Permanent sovereignty of the Palestinian people in the Occupied Palestinian Territory, including Eas...",A/RES/78/170,2024-12-19,YES,"Permanent sovereignty of the Palestinian people in the Occupied Palestinian Territory, including Eas...",A/RES/79/229
HUMANITARIAN INTERVENTION,Pillar3_Normalized,Major,Increase,8.15,94.77,86.62,1063.5,,,,,,,,,,,,,,,
HUMANITARIAN INTERVENTION,Pillar3,Major,Increase,8.5,94.8,86.3,1015.3,,,,,,,,,,,,,,,
HUMANITARIAN INTERVENTION,Pillar2_Normalized,Major,Increase,13.97,100.0,86.03,616.0,,,,,,,,,,,,,,,
WELFARE AND SOCIAL SERVICES,Pillar2,Major,Increase,14.14,100.0,85.86,607.1,1,1,0.0,100.0,100.0,YES:0 NO:0 ABSTAIN:1,YES:1 NO:0 ABSTAIN:0,2023-12-07,ABSTAIN,Assistance to Palestine refugees : resolution / adopted by the General Assembly,A/RES/78/74,2024-12-24,YES,"Proposed programme budget for 2025 : Section 26, Palestine refugees : resolution / adopted by the Ge...",A/RES/79/256
PALESTINE REFUGEES,Pillar2,Major,Increase,14.65,100.0,85.35,582.4,4,2,0.0,100.0,100.0,YES:0 NO:0 ABSTAIN:4,YES:2 NO:0 ABSTAIN:0,2023-12-07,ABSTAIN,Operations of the United Nations Relief and Works Agency for Palestine Refugees in the Near East : r...,A/RES/78/73,2024-12-11,YES,Support for the mandate of the United Nations Relief and Works Agency for Palestine Refugees in the ...,A/RES/ES-10/25
RESOURCES (GENERAL),Pillar2,Major,Increase,14.14,98.99,84.85,600.0,1,1,0.0,100.0,100.0,YES:0 NO:0 ABSTAIN:1,YES:1 NO:0 ABSTAIN:0,2023-12-19,ABSTAIN,"Permanent sovereignty of the Palestinian people in the Occupied Palestinian Territory, including Eas...",A/RES/78/170,2024-12-19,YES,"Permanent sovereignty of the Palestinian people in the Occupied Palestinian Territory, including Eas...",A/RES/79/229
PERMANENT SOVEREIGNTY,Pillar2,Major,Increase,14.14,98.99,84.85,600.0,1,1,0.0,100.0,100.0,YES:0 NO:0 ABSTAIN:1,YES:1 NO:0 ABSTAIN:0,2023-12-19,ABSTAIN,"Permanent sovereignty of the Palestinian people in the Occupied Palestinian Territory, including Eas...",A/RES/78/170,2024-12-19,YES,"Permanent sovereignty of the Palestinian people in the Occupied Palestinian Territory, including Eas...",A/RES/79/229
OIL POLLUTION,Pillar2,Major,Increase,14.14,98.99,84.85,600.0,3,3,66.7,100.0,33.3,YES:2 NO:0 ABSTAIN:1,YES:3 NO:0 ABSTAIN:0,2023-12-19,ABSTAIN,Oil slick on Lebanese shores : resolution / adopted by the General Assembly,A/RES/78/143,2024-12-02,YES,Preventing the acquisition by terrorists of radioactive sources : resolution / adopted by the Genera...,A/RES/79/55
MARINE ENVIRONMENT,Pillar2,Major,Increase,14.14,98.99,84.85,600.0,6,4,83.3,100.0,16.700000000000003,YES:5 NO:0 ABSTAIN:1,YES:4 NO:0 ABSTAIN:0,2023-08-01,YES,Agreement under the United Nations Convention on the Law of the Sea on the Conservation and Sustaina...,A/RES/77/321,2024-04-24,YES,Agreement under the United Nations Convention on the Law of the Sea on the Conservation and Sustaina...,A/RES/78/272
HUMANITARIAN INTERVENTION,Pillar2,Major,Increase,16.22,100.0,83.78,516.4,,,,,,,,,,,,,,,
DEVELOPMENT AND TRANSFER OF TECHNOLOGY AND PROMOTION OF SCIENCE,Pillar3_Normalized,Major,Decrease,97.93,19.56,-78.37,-80.0,,,,,,,,,,,,,,,
DEVELOPMENT AND TRANSFER OF TECHNOLOGY AND PROMOTION OF SCIENCE,Pillar3,Major,Decrease,97.94,19.99,-77.94,-79.6,,,,,,,,,,,,,,,
COMPUTER SCIENCE AND TECHNOLOGY,Pillar2_Normalized,Major,Increase,35.45,98.97,63.53,179.2,7,8,85.7,87.5,1.7999999999999972,YES:6 NO:0 ABSTAIN:1,YES:7 NO:0 ABSTAIN:1,2023-12-04,YES,Comprehensive Nuclear-Test-Ban Treaty : resolution / adopted by the General Assembly,A/RES/78/66,2024-12-02,YES,Comprehensive Nuclear-Test-Ban Treaty : resolution / adopted by the General Assembly,A/RES/79/77
INTERNATIONAL COOPERATION,Pillar2_Normalized,Major,Increase,35.45,98.61,63.16,178.2,,,,,,,,,,,,,,,
COMPUTER SCIENCE AND TECHNOLOGY,Pillar2,Major,Increase,37.14,98.99,61.86,166.6,7,8,85.7,87.5,1.7999999999999972,YES:6 NO:0 ABSTAIN:1,YES:7 NO:0 ABSTAIN:1,2023-12-04,YES,Comprehensive Nuclear-Test-Ban Treaty : resolution / adopted by the General Assembly,A/RES/78/66,2024-12-02,YES,Comprehensive Nuclear-Test-Ban Treaty : resolution / adopted by the General Assembly,A/RES/79/77
INTERNATIONAL COOPERATION,Pillar2,Major,Increase,37.14,98.64,61.5,165.6,,,,,,,,,,,,,,,
OIL POLLUTION,Pillar1_Normalized,Major,Decrease,100.0,42.31,-57.69,-57.7,3,3,66.7,100.0,33.3,YES:2 NO:0 ABSTAIN:1,YES:3 NO:0 ABSTAIN:0,2023-12-19,ABSTAIN,Oil slick on Lebanese shores : resolution / adopted by the General Assembly,A/RES/78/143,2024-12-02,YES,Preventing the acquisition by terrorists of radioactive sources : resolution / adopted by the Genera...,A/RES/79/55
MARINE ENVIRONMENT,Pillar1_Normalized,Major,Decrease,100.0,42.31,-57.69,-57.7,6,4,83.3,100.0,16.700000000000003,YES:5 NO:0 ABSTAIN:1,YES:4 NO:0 ABSTAIN:0,2023-08-01,YES,Agreement under the United Nations Convention on the Law of the Sea on the Conservation and Sustaina...,A/RES/77/321,2024-04-24,YES,Agreement under the United Nations Convention on the Law of the Sea on the Conservation and Sustaina...,A/RES/78/272
PERMANENT SOVEREIGNTY,Pillar1_Normalized,Major,Decrease,100.0,42.31,-57.69,-57.7,1,1,0.0,100.0,100.0,YES:0 NO:0 ABSTAIN:1,YES:1 NO:0 ABSTAIN:0,2023-12-19,ABSTAIN,"Permanent sovereignty of the Palestinian people in the Occupied Palestinian Territory, including Eas...",A/RES/78/170,2024-12-19,YES,"Permanent sovereignty of the Palestinian people in the Occupied Palestinian Territory, including Eas...",A/RES/79/229
PERMANENT SOVEREIGNTY,Pillar1,Moderate,Decrease,100.0,62.5,-37.5,-37.5,1,1,0.0,100.0,100.0,YES:0 NO:0 ABSTAIN:1,YES:1 NO:0 ABSTAIN:0,2023-12-19,ABSTAIN,"Permanent sovereignty of the Palestinian people in the Occupied Palestinian Territory, including Eas...",A/RES/78/170,2024-12-19,YES,"Permanent sovereignty of the Palestinian people in the Occupied Palestinian Territory, including Eas...",A/RES/79/229
OIL POLLUTION,Pillar1,Moderate,Decrease,100.0,62.5,-37.5,-37.5,3,3,66.7,100.0,33.3,YES:2 NO:0 ABSTAIN:1,YES:3 NO:0 ABSTAIN:0,2023-12-19,ABSTAIN,Oil slick on Lebanese shores : resolution / adopted by the General Assembly,A/RES/78/143,2024-12-02,YES,Preventing the acquisition by terrorists of radioactive sources : resolution / adopted by the Genera...,A/RES/79/55
MARINE ENVIRONMENT,Pillar1,Moderate,Decrease,100.0,62.5,-37.5,-37.5,6,4,83.3,100.0,16.700000000000003,YES:5 NO:0 ABSTAIN:1,YES:4 NO:0 ABSTAIN:0,2023-08-01,YES,Agreement under the United Nations Convention on the Law of the Sea on the Conservation and Sustaina...,A/RES/77/321,2024-04-24,YES,Agreement under the United Nations Convention on the Law of the Sea on the Conservation and Sustaina...,A/RES/78/272
PROTECTION OF AND ASSISTANCE TO REFUGEES AND DISPLACED PERSONS,Pillar2_Normalized,Moderate,Increase,66.85,99.79,32.94,49.3,,,,,,,,,,,,,,,
HUMANITARIAN AID AND RELIEF,Pillar2_Normalized,Moderate,Increase,66.85,99.79,32.94,49.3,,,,,,,,,,,,,,,
HUMANITARIAN AID AND RELIEF,Pillar2,Moderate,Increase,67.71,99.79,32.08,47.4,,,,,,,,,,,,,,,
PROTECTION OF AND ASSISTANCE TO REFUGEES AND DISPLACED PERSONS,Pillar2,Moderate,Increase,67.71,99.79,32.08,47.4,,,,,,,,,,,,,,,
AUTHORITARIANISM,Pillar1_Normalized,Moderate,Decrease,100.0,71.15,-28.85,-28.8,,,,,,,,,,,,,,,
SELF-RULE,Pillar3_Normalized,Moderate,Increase,73.01,99.74,26.73,36.6,,,,,,,,,,,,,,,
SELF-RULE,Pillar3,Moderate,Increase,73.11,99.74,26.63,36.4,,,,,,,,,,,,,,,
HUMANITARIAN AID AND RELIEF,Pillar3_Normalized,Moderate,Increase,70.58,96.84,26.26,37.2,,,,,,,,,,,,,,,
HUMANITARIAN AID AND RELIEF,Pillar3,Moderate,Increase,70.69,96.85,26.16,37.0,,,,,,,,,,,,,,,
PROTECTION OF AND ASSISTANCE TO REFUGEES AND DISPLACED PERSONS,Pillar3_Normalized,Moderate,Increase,70.86,96.84,25.97,36.7,,,,,,,,,,,,,,,
PROTECTION OF AND ASSISTANCE TO REFUGEES AND DISPLACED PERSONS,Pillar3,Moderate,Increase,70.98,96.85,25.88,36.5,,,,,,,,,,,,,,,
ADVISORY OPINIONS,Pillar1_Normalized,Moderate,Decrease,100.0,74.36,-25.64,-25.6,,,,,,,,,,,,,,,
RESOURCES (GENERAL),Pillar1_Normalized,Moderate,Decrease,66.25,42.31,-23.94,-36.1,1,1,0.0,100.0,100.0,YES:0 NO:0 ABSTAIN:1,YES:1 NO:0 ABSTAIN:0,2023-12-19,ABSTAIN,"Permanent sovereignty of the Palestinian people in the Occupied Palestinian Territory, including Eas...",A/RES/78/170,2024-12-19,YES,"Permanent sovereignty of the Palestinian people in the Occupied Palestinian Territory, including Eas...",A/RES/79/229
PALESTINE QUESTION,Pillar2_Normalized,Moderate,Increase,28.21,50.37,22.16,78.5,,,,,,,,,,,,,,,
PALESTINE QUESTION,Pillar2,Moderate,Increase,30.1,51.45,21.35,70.9,,,,,,,,,,,,,,,
DOUBLE TAXATION,Pillar2_Normalized,Minor,Increase,79.46,98.97,19.51,24.6,,,,,,,,,,,,,,,
TAXATION,Pillar2_Normalized,Minor,Increase,79.46,98.97,19.51,24.6,,,,,,,,,,,,,,,
SELF-RULE,Pillar2_Normalized,Minor,Increase,79.46,98.97,19.51,24.6,,,,,,,,,,,,,,,
SELF-RULE,Pillar2,Minor,Increase,80.0,98.99,18.99,23.7,,,,,,,,,,,,,,,
DOUBLE TAXATION,Pillar2,Minor,Increase,80.0,98.99,18.99,23.7,,,,,,,,,,,,,,,
TAXATION,Pillar2,Minor,Increase,80.0,98.99,18.99,23.7,,,,,,,,,,,,,,,
AUTHORITARIANISM,Pillar1,Minor,Decrease,100.0,81.25,-18.75,-18.8,,,,,,,,,,,,,,,
MARINE RESOURCES,Pillar1_Normalized,Minor,Decrease,89.58,71.79,-17.79,-19.9,,,,,,,,,,,,,,,
ADVISORY OPINIONS,Pillar1,Minor,Decrease,100.0,83.33,-16.67,-16.7,,,,,,,,,,,,,,,
AUTHORITARIANISM,Pillar2_Normalized,Minor,Increase,81.16,97.59,16.43,20.2,,,,,,,,,,,,,,,
PALESTINE QUESTION,Pillar1_Normalized,Minor,Decrease,73.75,57.69,-16.06,-21.8,,,,,,,,,,,,,,,
AUTHORITARIANISM,Pillar2,Minor,Increase,81.65,97.64,15.99,19.6,,,,,,,,,,,,,,,
RESOURCES (GENERAL),Pillar1,Minor,Decrease,77.5,62.5,-15.0,-19.4,1,1,0.0,100.0,100.0,YES:0 NO:0 ABSTAIN:1,YES:1 NO:0 ABSTAIN:0,2023-12-19,ABSTAIN,"Permanent sovereignty of the Palestinian people in the Occupied Palestinian Territory, including Eas...",A/RES/78/170,2024-12-19,YES,"Permanent sovereignty of the Palestinian people in the Occupied Palestinian Territory, including Eas...",A/RES/79/229
PALESTINE REFUGEES,Pillar1_Normalized,Minor,Decrease,50.0,35.9,-14.1,-28.2,4,2,0.0,100.0,100.0,YES:0 NO:0 ABSTAIN:4,YES:2 NO:0 ABSTAIN:0,2023-12-07,ABSTAIN,Operations of the United Nations Relief and Works Agency for Palestine Refugees in the Near East : r...,A/RES/78/73,2024-12-11,YES,Support for the mandate of the United Nations Relief and Works Agency for Palestine Refugees in the ...,A/RES/ES-10/25
INTERNATIONAL COOPERATION,Pillar3,Minor,Increase,5.99,19.99,14.01,234.0,,,,,,,,,,,,,,,
NATURAL RESOURCES AND THE ENVIRONMENT,Pillar1_Normalized,Minor,Decrease,93.21,79.27,-13.95,-15.0,,,,,,,,,,,,,,,
INTERNATIONAL COOPERATION,Pillar3_Normalized,Minor,Increase,5.62,19.56,13.94,248.0,,,,,,,,,,,,,,,
DEMOCRACY,Pillar2_Normalized,Minor,Decrease,97.66,85.43,-12.23,-12.5,,,,,,,,,,,,,,,
INSTITUTIONS,Pillar1_Normalized,Minor,Decrease,96.06,83.93,-12.13,-12.6,,,,,,,,,,,,,,,
MOVEMENTS,Pillar1_Normalized,Minor,Decrease,96.06,83.93,-12.13,-12.6,,,,,,,,,,,,,,,
POLITICAL CONDITIONS,Pillar1_Normalized,Minor,Decrease,96.06,83.93,-12.13,-12.6,,,,,,,,,,,,,,,
DEMOCRACY,Pillar2,Minor,Decrease,97.73,85.75,-11.98,-12.3,,,,,,,,,,,,,,,
POLLUTION,Pillar1_Normalized,Minor,Decrease,87.5,76.11,-11.39,-13.0,,,,,,,,,,,,,,,
MARINE RESOURCES,Pillar1,Minor,Decrease,93.06,81.67,-11.39,-12.2,,,,,,,,,,,,,,,
TRUSTEESHIP AND APARTHIED,Pillar2_Normalized,Minor,Increase,88.68,99.54,10.86,12.2,,,,,,,,,,,,,,,
DECOLONIZATION,Pillar2_Normalized,Minor,Increase,88.68,99.54,10.86,12.2,,,,,,,,,,,,,,,
TRUSTEESHIP AND APARTHIED,Pillar2,Minor,Increase,88.98,99.55,10.57,11.9,,,,,,,,,,,,,,,
DECOLONIZATION,Pillar2,Minor,Increase,88.98,99.55,10.57,11.9,,,,,,,,,,,,,,,
SELF-RULE,Pillar1_Normalized,Minor,Decrease,71.88,61.54,-10.34,-14.4,,,,,,,,,,,,,,,
PALESTINE QUESTION,Pillar1,Minor,Decrease,82.5,72.5,-10.0,-12.1,,,,,,,,,,,,,,,
MARINE RESOURCES,Pillar3_Normalized,Minor,Increase,90.25,99.95,9.7,10.7,,,,,,,,,,,,,,,
MARINE RESOURCES,Pillar3,Minor,Increase,90.29,99.95,9.66,10.7,,,,,,,,,,,,,,,
POLLUTION,Pillar3_Normalized,Minor,Increase,90.42,99.94,9.52,10.5,,,,,,,,,,,,,,,
POLLUTION,Pillar3,Minor,Increase,90.45,99.94,9.49,10.5,,,,,,,,,,,,,,,
NATURAL RESOURCES AND THE ENVIRONMENT,Pillar1,Minor,Decrease,95.48,86.52,-8.95,-9.4,,,,,,,,,,,,,,,
PROTECTION OF AND ASSISTANCE TO REFUGEES AND DISPLACED PERSONS,Pillar1_Normalized,Minor,Decrease,64.38,55.48,-8.9,-13.8,,,,,,,,,,,,,,,
NUCLEAR SCIENCE,Pillar1_Normalized,Minor,Increase,68.75,77.56,8.81,12.8,,,,,,,,,,,,,,,
POLLUTION,Pillar2_Normalized,Minor,Increase,91.15,99.9,8.75,9.6,,,,,,,,,,,,,,,
INTERNATIONAL SECURITY,Pillar1_Normalized,Minor,Increase,37.05,45.63,8.58,23.1,,,,,,,,,,,,,,,
POLLUTION,Pillar2,Minor,Increase,91.38,99.91,8.52,9.3,,,,,,,,,,,,,,,
PALESTINE REFUGEES,Pillar1,Minor,Decrease,66.67,58.33,-8.33,-12.5,4,2,0.0,100.0,100.0,YES:0 NO:0 ABSTAIN:4,YES:2 NO:0 ABSTAIN:0,2023-12-07,ABSTAIN,Operations of the United Nations Relief and Works Agency for Palestine Refugees in the Near East : r...,A/RES/78/73,2024-12-11,YES,Support for the mandate of the United Nations Relief and Works Agency for Palestine Refugees in the ...,A/RES/ES-10/25
POLITICAL CONDITIONS,Pillar1,Minor,Decrease,97.38,89.55,-7.82,-8.0,,,,,,,,,,,,,,,
INSTITUTIONS,Pillar1,Minor,Decrease,97.38,89.55,-7.82,-8.0,,,,,,,,,,,,,,,
MOVEMENTS,Pillar1,Minor,Decrease,97.38,89.55,-7.82,-8.0,,,,,,,,,,,,,,,
HUMANITARIAN AID AND RELIEF,Pillar1_Normalized,Minor,Decrease,63.25,55.48,-7.77,-12.3,,,,,,,,,,,,,,,
POLLUTION,Pillar1,Minor,Decrease,91.67,84.47,-7.2,-7.9,,,,,,,,,,,,,,,
DEMOCRACY,Pillar3_Normalized,Minor,Decrease,98.27,91.37,-6.9,-7.0,,,,,,,,,,,,,,,
DEMOCRACY,Pillar3,Minor,Decrease,98.28,91.41,-6.86,-7.0,,,,,,,,,,,,,,,
TRUSTEESHIP AND APARTHIED,Pillar3_Normalized,Minor,Increase,90.17,96.96,6.79,7.5,,,,,,,,,,,,,,,
DECOLONIZATION,Pillar3_Normalized,Minor,Increase,90.17,96.96,6.79,7.5,,,,,,,,,,,,,,,
DECOLONIZATION,Pillar3,Minor,Increase,90.2,96.97,6.77,7.5,,,,,,,,,,,,,,,
TRUSTEESHIP AND APARTHIED,Pillar3,Minor,Increase,90.2,96.97,6.77,7.5,,,,,,,,,,,,,,,
DISCRIMINATION,Pillar1_Normalized,Minor,Decrease,85.0,78.24,-6.76,-8.0,,,,,,,,,,,,,,,
INTERNATIONAL SECURITY,Pillar1,Minor,Increase,58.04,64.66,6.62,11.4,,,,,,,,,,,,,,,
MARINE RESOURCES,Pillar2_Normalized,Minor,Increase,92.94,99.54,6.6,7.1,,,,,,,,,,,,,,,
MARINE RESOURCES,Pillar2,Minor,Increase,93.12,99.55,6.43,6.9,,,,,,,,,,,,,,,
DIPLOMATIC RELATIONS,Pillar1_Normalized,Minor,Decrease,91.18,84.82,-6.37,-7.0,,,,,,,,,,,,,,,
PALESTINE QUESTION,Pillar3,Minor,Increase,26.25,32.58,6.33,24.1,,,,,,,,,,,,,,,
PALESTINE QUESTION,Pillar3_Normalized,Minor,Increase,25.96,32.22,6.26,24.1,,,,,,,,,,,,,,,
SELF-RULE,Pillar1,Minor,Decrease,81.25,75.0,-6.25,-7.7,,,,,,,,,,,,,,,
NUCLEAR SCIENCE,Pillar1,Minor,Increase,79.17,85.42,6.25,7.9,,,,,,,,,,,,,,,
CIVILIAN PERSONS,Pillar2_Normalized,Minor,Increase,91.05,97.27,6.22,6.8,,,,,,,,,,,,,,,
GEORGIAN REFUGEES,Pillar2_Normalized,Minor,Increase,91.05,97.27,6.22,6.8,,,,,,,,,,,,,,,
DISCRIMINATION,Pillar3_Normalized,Minor,Decrease,99.13,93.08,-6.06,-6.1,,,,,,,,,,,,,,,
CIVILIAN PERSONS,Pillar2,Minor,Increase,91.29,97.33,6.05,6.6,,,,,,,,,,,,,,,
GEORGIAN REFUGEES,Pillar2,Minor,Increase,91.29,97.33,6.05,6.6,,,,,,,,,,,,,,,
DISCRIMINATION,Pillar3,Minor,Decrease,99.14,93.11,-6.02,-6.1,,,,,,,,,,,,,,,
NATURAL RESOURCES AND THE ENVIRONMENT,Pillar3_Normalized,Minor,Increase,93.96,99.64,5.69,6.1,,,,,,,,,,,,,,,
NATURAL RESOURCES AND THE ENVIRONMENT,Pillar3,Minor,Increase,93.98,99.65,5.66,6.0,,,,,,,,,,,,,,,
OUTER SPACE,Pillar3_Normalized,Minor,Increase,92.68,98.09,5.41,5.8,,,,,,,,,,,,,,,
OUTER SPACE,Pillar3,Minor,Increase,92.71,98.1,5.4,5.8,,,,,,,,,,,,,,,
PROTECTION OF AND ASSISTANCE TO REFUGEES AND DISPLACED PERSONS,Pillar1,Minor,Decrease,76.25,71.06,-5.19,-6.8,,,,,,,,,,,,,,,
SELF-DETERMINATION OF PEOPLES,Pillar1_Normalized,Minor,Decrease,85.94,80.77,-5.17,-6.0,,,,,,,,,,,,,,,
DISPUTE SETTLEMENT,Pillar1_Normalized,Minor,Increase,56.25,61.07,4.82,8.6,,,,,,,,,,,,,,,
NATURAL RESOURCES AND THE ENVIRONMENT,Pillar2_Normalized,Minor,Increase,94.73,99.43,4.7,5.0,,,,,,,,,,,,,,,
WOMEN'S ADVANCEMENT,Pillar3_Normalized,Minor,Increase,95.18,99.8,4.62,4.9,,,,,,,,,,,,,,,
WOMEN'S ADVANCEMENT,Pillar3,Minor,Increase,95.2,99.8,4.6,4.8,,,,,,,,,,,,,,,
HUMAN RIGHTS,Pillar3_Normalized,Minor,Decrease,99.19,94.61,-4.57,-4.6,,,,,,,,,,,,,,,
NATURAL RESOURCES AND THE ENVIRONMENT,Pillar2,Minor,Increase,94.87,99.44,4.57,4.8,,,,,,,,,,,,,,,
HUMAN RIGHTS,Pillar3,Minor,Decrease,99.19,94.64,-4.55,-4.6,,,,,,,,,,,,,,,
COOPERATION BETWEEN ORGANIZATIONS,Pillar2_Normalized,Minor,Decrease,99.65,95.17,-4.48,-4.5,,,,,,,,,,,,,,,
HUMANITARIAN AID AND RELIEF,Pillar1,Minor,Decrease,75.5,71.06,-4.44,-5.9,,,,,,,,,,,,,,,
SOCIAL CONDITIONS AND EQUITY,Pillar3_Normalized,Minor,Decrease,99.62,95.22,-4.4,-4.4,,,,,,,,,,,,,,,
COOPERATION BETWEEN ORGANIZATIONS,Pillar2,Minor,Decrease,99.66,95.28,-4.38,-4.4,,,,,,,,,,,,,,,
SOCIAL CONDITIONS AND EQUITY,Pillar3,Minor,Decrease,99.62,95.24,-4.38,-4.4,,,,,,,,,,,,,,,
DISCRIMINATION,Pillar1,Minor,Decrease,90.0,85.86,-4.14,-4.6,,,,,,,,,,,,,,,
DIPLOMATIC RELATIONS,Pillar1,Minor,Decrease,94.12,90.13,-3.99,-4.2,,,,,,,,,,,,,,,
DISPUTE SETTLEMENT,Pillar1,Minor,Increase,70.83,74.7,3.86,5.5,,,,,,,,,,,,,,,
HUMAN RIGHTS,Pillar1_Normalized,Minor,Decrease,91.95,88.1,-3.85,-4.2,,,,,,,,,,,,,,,
INTERNATIONAL RELATIONS,Pillar1_Normalized,Minor,Decrease,93.62,89.8,-3.83,-4.1,,,,,,,,,,,,,,,
POLITICAL AND LEGAL QUESTIONS,Pillar1_Normalized,Minor,Decrease,96.75,93.09,-3.67,-3.8,,,,,,,,,,,,,,,
SOCIAL CONDITIONS AND EQUITY,Pillar1_Normalized,Minor,Decrease,89.68,86.04,-3.64,-4.1,,,,,,,,,,,,,,,
ADVISORY OPINIONS,Pillar2_Normalized,Minor,Decrease,100.0,96.4,-3.6,-3.6,,,,,,,,,,,,,,,
RACISM,Pillar3_Normalized,Minor,Increase,91.77,95.32,3.54,3.9,,,,,,,,,,,,,,,
RACISM,Pillar3,Minor,Increase,91.8,95.34,3.54,3.9,,,,,,,,,,,,,,,
ADVISORY OPINIONS,Pillar2,Minor,Decrease,100.0,96.48,-3.52,-3.5,,,,,,,,,,,,,,,
MAINTENANCE OF PEACE AND SECURITY,Pillar1_Normalized,Minor,Decrease,94.51,91.03,-3.48,-3.7,,,,,,,,,,,,,,,
UKRAINE SITUATION,Pillar2,Minor,Decrease,81.65,78.45,-3.2,-3.9,,,,,,,,,,,,,,,
UKRAINE SITUATION,Pillar2_Normalized,Minor,Decrease,81.16,77.97,-3.19,-3.9,,,,,,,,,,,,,,,
SELF-DETERMINATION OF PEOPLES,Pillar1,Minor,Decrease,90.62,87.5,-3.12,-3.4,,,,,,,,,,,,,,,
INTERNATIONAL LAW,Pillar1_Normalized,Minor,Decrease,90.48,87.42,-3.06,-3.4,,,,,,,,,,,,,,,
TRUSTEESHIP AND APARTHIED,Pillar1_Normalized,Minor,Decrease,82.87,79.9,-2.98,-3.6,,,,,,,,,,,,,,,
DECOLONIZATION,Pillar1_Normalized,Minor,Decrease,82.87,79.9,-2.98,-3.6,,,,,,,,,,,,,,,
SOCIAL DEVELOPMENT,Pillar3_Normalized,Minor,Decrease,98.9,95.94,-2.96,-3.0,,,,,,,,,,,,,,,
SOCIAL DEVELOPMENT,Pillar3,Minor,Decrease,98.9,95.96,-2.94,-3.0,,,,,,,,,,,,,,,
CIVILIAN PERSONS,Pillar3,Minor,Increase,85.87,88.65,2.78,3.2,,,,,,,,,,,,,,,
GEORGIAN REFUGEES,Pillar3,Minor,Increase,85.87,88.65,2.78,3.2,,,,,,,,,,,,,,,
CIVILIAN PERSONS,Pillar3_Normalized,Minor,Increase,85.81,88.59,2.78,3.2,,,,,,,,,,,,,,,
GEORGIAN REFUGEES,Pillar3_Normalized,Minor,Increase,85.81,88.59,2.78,3.2,,,,,,,,,,,,,,,
DIPLOMATIC RELATIONS,Pillar2_Normalized,Minor,Increase,96.94,99.7,2.75,2.8,,,,,,,,,,,,,,,
AUTHORITARIANISM,Pillar3_Normalized,Minor,Increase,90.71,93.45,2.74,3.0,,,,,,,,,,,,,,,
AUTHORITARIANISM,Pillar3,Minor,Increase,90.74,93.48,2.74,3.0,,,,,,,,,,,,,,,
DIPLOMATIC RELATIONS,Pillar2,Minor,Increase,97.02,99.7,2.68,2.8,,,,,,,,,,,,,,,
NUCLEAR SCIENCE,Pillar3_Normalized,Minor,Decrease,99.71,97.05,-2.66,-2.7,,,,,,,,,,,,,,,
NUCLEAR SCIENCE,Pillar3,Minor,Decrease,99.71,97.07,-2.65,-2.7,,,,,,,,,,,,,,,
DISCRIMINATION,Pillar2_Normalized,Minor,Increase,96.15,98.68,2.53,2.6,,,,,,,,,,,,,,,
DISCRIMINATION,Pillar2,Minor,Increase,96.25,98.71,2.46,2.6,,,,,,,,,,,,,,,
SYRIA SITUATION,Pillar2_Normalized,Minor,Increase,94.89,97.27,2.38,2.5,,,,,,,,,,,,,,,
INTERNATIONAL RELATIONS,Pillar1,Minor,Decrease,95.75,93.37,-2.38,-2.5,,,,,,,,,,,,,,,
HUMAN RIGHTS,Pillar1,Minor,Decrease,94.63,92.27,-2.37,-2.5,,,,,,,,,,,,,,,
POLITICAL AND LEGAL QUESTIONS,Pillar1,Minor,Decrease,97.83,95.51,-2.33,-2.4,,,,,,,,,,,,,,,
SYRIA SITUATION,Pillar2,Minor,Increase,95.03,97.33,2.31,2.4,,,,,,,,,,,,,,,
SELF-DETERMINATION OF PEOPLES,Pillar2_Normalized,Minor,Increase,96.67,98.97,2.3,2.4,,,,,,,,,,,,,,,
SELF-DETERMINATION OF PEOPLES,Pillar2,Minor,Increase,96.76,98.99,2.23,2.3,,,,,,,,,,,,,,,
SOCIAL CONDITIONS AND EQUITY,Pillar1,Minor,Decrease,93.12,90.92,-2.19,-2.4,,,,,,,,,,,,,,,
MAINTENANCE OF PEACE AND SECURITY,Pillar1,Minor,Decrease,96.34,94.17,-2.17,-2.3,,,,,,,,,,,,,,,
POLITICAL EVENTS AND ISSUES,Pillar3_Normalized,Minor,Decrease,99.17,97.07,-2.1,-2.1,,,,,,,,,,,,,,,
POLITICAL EVENTS AND ISSUES,Pillar3,Minor,Decrease,99.17,97.09,-2.08,-2.1,,,,,,,,,,,,,,,
POLITICAL EVENTS AND ISSUES,Pillar1_Normalized,Minor,Decrease,88.38,86.34,-2.04,-2.3,,,,,,,,,,,,,,,
MOVEMENTS,Pillar3_Normalized,Minor,Decrease,99.37,97.44,-1.93,-1.9,,,,,,,,,,,,,,,
POLITICAL CONDITIONS,Pillar3_Normalized,Minor,Decrease,99.37,97.44,-1.93,-1.9,,,,,,,,,,,,,,,
INSTITUTIONS,Pillar3_Normalized,Minor,Decrease,99.37,97.44,-1.93,-1.9,,,,,,,,,,,,,,,
WELFARE AND SOCIAL SERVICES,Pillar1_Normalized,Minor,Decrease,25.0,23.08,-1.92,-7.7,1,1,0.0,100.0,100.0,YES:0 NO:0 ABSTAIN:1,YES:1 NO:0 ABSTAIN:0,2023-12-07,ABSTAIN,Assistance to Palestine refugees : resolution / adopted by the General Assembly,A/RES/78/74,2024-12-24,YES,"Proposed programme budget for 2025 : Section 26, Palestine refugees : resolution / adopted by the Ge...",A/RES/79/256
POLITICAL CONDITIONS,Pillar3,Minor,Decrease,99.37,97.45,-1.92,-1.9,,,,,,,,,,,,,,,
INSTITUTIONS,Pillar3,Minor,Decrease,99.37,97.45,-1.92,-1.9,,,,,,,,,,,,,,,
MOVEMENTS,Pillar3,Minor,Decrease,99.37,97.45,-1.92,-1.9,,,,,,,,,,,,,,,
AMMUNITION,Pillar3_Normalized,Minor,Decrease,99.96,98.06,-1.9,-1.9,,,,,,,,,,,,,,,
AMMUNITION,Pillar3,Minor,Decrease,99.96,98.07,-1.88,-1.9,,,,,,,,,,,,,,,
INTERNATIONAL LAW,Pillar1,Minor,Decrease,93.65,91.82,-1.83,-2.0,,,,,,,,,,,,,,,
COOPERATION BETWEEN ORGANIZATIONS,Pillar3_Normalized,Minor,Decrease,98.43,96.6,-1.83,-1.9,,,,,,,,,,,,,,,
COOPERATION BETWEEN ORGANIZATIONS,Pillar3,Minor,Decrease,98.43,96.62,-1.82,-1.8,,,,,,,,,,,,,,,
DOUBLE TAXATION,Pillar3,Minor,Increase,92.06,93.81,1.75,1.9,,,,,,,,,,,,,,,
TAXATION,Pillar3,Minor,Increase,92.06,93.81,1.75,1.9,,,,,,,,,,,,,,,
TAXATION,Pillar3_Normalized,Minor,Increase,92.03,93.78,1.75,1.9,,,,,,,,,,,,,,,
DOUBLE TAXATION,Pillar3_Normalized,Minor,Increase,92.03,93.78,1.75,1.9,,,,,,,,,,,,,,,
DECOLONIZATION,Pillar1,Minor,Decrease,88.58,86.93,-1.65,-1.9,,,,,,,,,,,,,,,
TRUSTEESHIP AND APARTHIED,Pillar1,Minor,Decrease,88.58,86.93,-1.65,-1.9,,,,,,,,,,,,,,,
DISARMAMENT,Pillar3_Normalized,Minor,Increase,98.37,100.0,1.63,1.7,,,,,,,,,,,,,,,
DISARMAMENT,Pillar3,Minor,Increase,98.37,100.0,1.62,1.6,,,,,,,,,,,,,,,
DIPLOMACY,Pillar1_Normalized,Minor,Decrease,92.5,90.95,-1.55,-1.7,,,,,,,,,,,,,,,
POLITICAL CONDITIONS,Pillar2_Normalized,Minor,Increase,97.99,99.51,1.52,1.5,,,,,,,,,,,,,,,
INSTITUTIONS,Pillar2_Normalized,Minor,Increase,97.99,99.51,1.52,1.5,,,,,,,,,,,,,,,
MOVEMENTS,Pillar2_Normalized,Minor,Increase,97.99,99.51,1.52,1.5,,,,,,,,,,,,,,,
SYRIA SITUATION,Pillar3_Normalized,Minor,Decrease,77.81,76.3,-1.51,-1.9,,,,,,,,,,,,,,,
DEVELOPMENT,Pillar3_Normalized,Minor,Decrease,98.14,96.66,-1.48,-1.5,,,,,,,,,,,,,,,
INSTITUTIONS,Pillar2,Minor,Increase,98.04,99.52,1.47,1.5,,,,,,,,,,,,,,,
POLITICAL CONDITIONS,Pillar2,Minor,Increase,98.04,99.52,1.47,1.5,,,,,,,,,,,,,,,
MOVEMENTS,Pillar2,Minor,Increase,98.04,99.52,1.47,1.5,,,,,,,,,,,,,,,
INTERNATIONAL SECURITY,Pillar2_Normalized,Minor,Decrease,98.97,97.5,-1.47,-1.5,,,,,,,,,,,,,,,
SYRIA SITUATION,Pillar3,Minor,Decrease,77.89,76.42,-1.47,-1.9,,,,,,,,,,,,,,,
DEVELOPMENT,Pillar3,Minor,Decrease,98.15,96.68,-1.47,-1.5,,,,,,,,,,,,,,,
NUCLEAR WEAPONS,Pillar3_Normalized,Minor,Decrease,97.69,96.22,-1.47,-1.5,,,,,,,,,,,,,,,
NUCLEAR WEAPONS,Pillar3,Minor,Decrease,97.7,96.24,-1.45,-1.5,,,,,,,,,,,,,,,
INTERNATIONAL SECURITY,Pillar2,Minor,Decrease,98.99,97.55,-1.44,-1.5,,,,,,,,,,,,,,,
IRAN SITUATION,Pillar3,Minor,Increase,72.4,73.79,1.4,1.9,,,,,,,,,,,,,,,
ARMS LIMITATION,Pillar3_Normalized,Minor,Decrease,100.0,98.6,-1.39,-1.4,,,,,,,,,,,,,,,
DEVELOPMENT AND TRANSFER OF TECHNOLOGY AND PROMOTION OF SCIENCE,Pillar2_Normalized,Minor,Decrease,100.0,98.61,-1.39,-1.4,,,,,,,,,,,,,,,
ARMS LIMITATION,Pillar3,Minor,Decrease,100.0,98.61,-1.39,-1.4,,,,,,,,,,,,,,,
IRAN SITUATION,Pillar3_Normalized,Minor,Increase,72.29,73.65,1.36,1.9,,,,,,,,,,,,,,,
DEVELOPMENT AND TRANSFER OF TECHNOLOGY AND PROMOTION OF SCIENCE,Pillar2,Minor,Decrease,100.0,98.64,-1.36,-1.4,,,,,,,,,,,,,,,
HUMAN RIGHTS,Pillar2_Normalized,Minor,Decrease,99.89,98.65,-1.23,-1.2,,,,,,,,,,,,,,,
HUMAN RIGHTS,Pillar2,Minor,Decrease,99.89,98.68,-1.21,-1.2,,,,,,,,,,,,,,,
POLITICAL EVENTS AND ISSUES,Pillar1,Minor,Decrease,92.25,91.12,-1.13,-1.2,,,,,,,,,,,,,,,
SOCIAL DEVELOPMENT,Pillar2_Normalized,Minor,Decrease,99.98,98.87,-1.11,-1.1,,,,,,,,,,,,,,,
SOCIAL DEVELOPMENT,Pillar2,Minor,Decrease,99.98,98.89,-1.09,-1.1,,,,,,,,,,,,,,,
DISPUTE SETTLEMENT,Pillar3_Normalized,Minor,Increase,98.02,99.11,1.09,1.1,,,,,,,,,,,,,,,
DISPUTE SETTLEMENT,Pillar3,Minor,Increase,98.03,99.11,1.08,1.1,,,,,,,,,,,,,,,
SPACE SCIENCES,Pillar3_Normalized,Minor,Increase,97.9,98.96,1.05,1.1,,,,,,,,,,,,,,,
SPACE SCIENCES,Pillar3,Minor,Increase,97.91,98.96,1.05,1.1,,,,,,,,,,,,,,,
RADIOLOGICAL WEAPONS,Pillar2_Normalized,Minor,Increase,98.97,100.0,1.03,1.0,,,,,,,,,,,,,,,
RACISM,Pillar2_Normalized,Minor,Increase,98.97,100.0,1.03,1.0,,,,,,,,,,,,,,,
SPACE LAW,Pillar2_Normalized,Minor,Decrease,100.0,98.97,-1.03,-1.0,,,,,,,,,,,,,,,
MILITARY TECHNOLOGY,Pillar2_Normalized,Minor,Decrease,100.0,98.97,-1.03,-1.0,,,,,,,,,,,,,,,
OUTER SPACE,Pillar2_Normalized,Minor,Decrease,100.0,98.97,-1.03,-1.0,,,,,,,,,,,,,,,
WEAPONS OF MASS DESTRUCTION,Pillar2_Normalized,Minor,Decrease,100.0,98.97,-1.03,-1.0,,,,,,,,,,,,,,,
TRADE RELATED FINANCE,Pillar3_Normalized,Minor,Increase,98.99,99.99,1.01,1.0,,,,,,,,,,,,,,,
MILITARY TECHNOLOGY,Pillar2,Minor,Decrease,100.0,98.99,-1.01,-1.0,,,,,,,,,,,,,,,
RACISM,Pillar2,Minor,Increase,98.99,100.0,1.01,1.0,,,,,,,,,,,,,,,
OUTER SPACE,Pillar2,Minor,Decrease,100.0,98.99,-1.01,-1.0,,,,,,,,,,,,,,,
RADIOLOGICAL WEAPONS,Pillar2,Minor,Increase,98.99,100.0,1.01,1.0,,,,,,,,,,,,,,,
WEAPONS OF MASS DESTRUCTION,Pillar2,Minor,Decrease,100.0,98.99,-1.01,-1.0,,,,,,,,,,,,,,,
SPACE LAW,Pillar2,Minor,Decrease,100.0,98.99,-1.01,-1.0,,,,,,,,,,,,,,,
TRADE RELATED FINANCE,Pillar3,Minor,Increase,98.99,99.99,1.0,1.0,,,,,,,,,,,,,,,
UKRAINE SITUATION,Pillar3,Minor,Increase,69.63,70.62,0.99,1.4,,,,,,,,,,,,,,,
UKRAINE SITUATION,Pillar3_Normalized,Minor,Increase,69.51,70.46,0.95,1.4,,,,,,,,,,,,,,,
POLITICAL AND LEGAL QUESTIONS,Pillar3_Normalized,Minor,Decrease,99.82,98.88,-0.94,-0.9,,,,,,,,,,,,,,,
POLITICAL AND LEGAL QUESTIONS,Pillar3,Minor,Decrease,99.82,98.89,-0.93,-0.9,,,,,,,,,,,,,,,
DISARMAMENT AND MILITARY QUESTIONS,Pillar1_Normalized,Minor,Increase,94.64,95.55,0.9,1.0,,,,,,,,,,,,,,,
DIPLOMACY,Pillar1,Minor,Decrease,95.0,94.12,-0.88,-0.9,,,,,,,,,,,,,,,
COOPERATION BETWEEN ORGANIZATIONS,Pillar1,Minor,Increase,86.67,87.5,0.83,1.0,,,,,,,,,,,,,,,
ADVISORY OPINIONS,Pillar3_Normalized,Minor,Decrease,96.23,95.42,-0.81,-0.8,,,,,,,,,,,,,,,
ADVISORY OPINIONS,Pillar3,Minor,Decrease,96.24,95.45,-0.8,-0.8,,,,,,,,,,,,,,,
COOPERATION BETWEEN ORGANIZATIONS,Pillar1_Normalized,Minor,Increase,80.0,80.77,0.77,1.0,,,,,,,,,,,,,,,
SCIENCE AND TECHNOLOGY,Pillar3_Normalized,Minor,Increase,98.45,99.2,0.75,0.8,,,,,,,,,,,,,,,
SCIENCE AND TECHNOLOGY,Pillar3,Minor,Increase,98.46,99.2,0.74,0.8,,,,,,,,,,,,,,,
NAZISM,Pillar3_Normalized,Minor,Decrease,91.77,91.03,-0.74,-0.8,,,,,,,,,,,,,,,
NAZISM,Pillar3,Minor,Decrease,91.8,91.08,-0.72,-0.8,,,,,,,,,,,,,,,
DEMOCRACY,Pillar1_Normalized,Minor,Decrease,71.88,71.15,-0.72,-1.0,,,,,,,,,,,,,,,
INTERNATIONAL LAW,Pillar2_Normalized,Minor,Increase,99.12,99.83,0.71,0.7,,,,,,,,,,,,,,,
SCIENCE AND TECHNOLOGY,Pillar1_Normalized,Minor,Decrease,82.8,82.1,-0.71,-0.9,,,,,,,,,,,,,,,
CLUSTER MUNITIONS,Pillar3_Normalized,Minor,Decrease,97.15,96.45,-0.7,-0.7,,,,,,,,,,,,,,,
CLUSTER MUNITIONS,Pillar3,Minor,Decrease,97.16,96.47,-0.69,-0.7,,,,,,,,,,,,,,,
INTERNATIONAL LAW,Pillar2,Minor,Increase,99.14,99.83,0.69,0.7,,,,,,,,,,,,,,,
DIPLOMACY,Pillar2_Normalized,Minor,Decrease,99.9,99.22,-0.68,-0.7,,,,,,,,,,,,,,,
DISARMAMENT AND MILITARY QUESTIONS,Pillar1,Minor,Increase,96.43,97.11,0.68,0.7,,,,,,,,,,,,,,,
DIPLOMACY,Pillar2,Minor,Decrease,99.91,99.24,-0.67,-0.7,,,,,,,,,,,,,,,
INTERNATIONAL COOPERATION,Pillar1_Normalized,Minor,Decrease,75.0,74.36,-0.64,-0.9,,,,,,,,,,,,,,,
DIPLOMATIC RELATIONS,Pillar3_Normalized,Minor,Increase,98.03,98.67,0.63,0.6,,,,,,,,,,,,,,,
DIPLOMATIC RELATIONS,Pillar3,Minor,Increase,98.04,98.67,0.63,0.6,,,,,,,,,,,,,,,
MAINTENANCE OF PEACE AND SECURITY,Pillar2_Normalized,Minor,Increase,99.26,99.85,0.6,0.6,,,,,,,,,,,,,,,
MERCENARIES,Pillar3_Normalized,Minor,Decrease,92.63,92.05,-0.59,-0.6,,,,,,,,,,,,,,,
MAINTENANCE OF PEACE AND SECURITY,Pillar2,Minor,Increase,99.28,99.86,0.58,0.6,,,,,,,,,,,,,,,
MERCENARIES,Pillar3,Minor,Decrease,92.66,92.09,-0.57,-0.6,,,,,,,,,,,,,,,
RACIAL DISCRIMINATION,Pillar3,Minor,Increase,93.85,94.41,0.56,0.6,,,,,,,,,,,,,,,
SOCIAL CONDITIONS AND EQUITY,Pillar2_Normalized,Minor,Decrease,99.6,99.04,-0.56,-0.6,,,,,,,,,,,,,,,
RACIAL DISCRIMINATION,Pillar3_Normalized,Minor,Increase,93.83,94.38,0.55,0.6,,,,,,,,,,,,,,,
SOCIAL CONDITIONS AND EQUITY,Pillar2,Minor,Decrease,99.61,99.06,-0.55,-0.5,,,,,,,,,,,,,,,
INTERNATIONAL LAW,Pillar3_Normalized,Minor,Increase,98.6,99.09,0.49,0.5,,,,,,,,,,,,,,,
INTERNATIONAL LAW,Pillar3,Minor,Increase,98.61,99.1,0.49,0.5,,,,,,,,,,,,,,,
MAINTENANCE OF PEACE AND SECURITY,Pillar3_Normalized,Minor,Decrease,99.72,99.28,-0.44,-0.4,,,,,,,,,,,,,,,
MAINTENANCE OF PEACE AND SECURITY,Pillar3,Minor,Decrease,99.72,99.28,-0.44,-0.4,,,,,,,,,,,,,,,
ARMS EMBARGO,Pillar2_Normalized,Minor,Increase,99.57,100.0,0.43,0.4,,,,,,,,,,,,,,,
INTERNATIONAL CRIMINAL COURTS,Pillar3,Minor,Increase,96.43,96.86,0.43,0.4,,,,,,,,,,,,,,,
INTERNATIONAL CRIMINAL COURTS,Pillar3_Normalized,Minor,Increase,96.42,96.85,0.43,0.4,,,,,,,,,,,,,,,
ARMS EMBARGO,Pillar2,Minor,Increase,99.58,100.0,0.42,0.4,,,,,,,,,,,,,,,
ARMS EMBARGO,Pillar3_Normalized,Minor,Decrease,99.24,98.82,-0.41,-0.4,,,,,,,,,,,,,,,
ARMS EMBARGO,Pillar3,Minor,Decrease,99.24,98.83,-0.41,-0.4,,,,,,,,,,,,,,,
GENERAL INTERNATIONAL TRADE AND TRADE POLICY,Pillar3_Normalized,Minor,Decrease,98.99,98.62,-0.37,-0.4,,,,,,,,,,,,,,,
RIGHT TO DEVELOPMENT,Pillar3_Normalized,Minor,Decrease,96.24,95.87,-0.37,-0.4,,,,,,,,,,,,,,,
GENERAL INTERNATIONAL TRADE AND TRADE POLICY,Pillar3,Minor,Decrease,98.99,98.62,-0.36,-0.4,,,,,,,,,,,,,,,
RIGHT TO DEVELOPMENT,Pillar3,Minor,Decrease,96.25,95.89,-0.36,-0.4,,,,,,,,,,,,,,,
NUCLEAR SCIENCE,Pillar2_Normalized,Minor,Increase,99.58,99.93,0.35,0.3,,,,,,,,,,,,,,,
SPACE SCIENCES,Pillar2_Normalized,Minor,Decrease,99.77,99.43,-0.35,-0.3,,,,,,,,,,,,,,,
RADIOLOGICAL WEAPONS,Pillar3_Normalized,Minor,Increase,99.66,100.0,0.34,0.3,,,,,,,,,,,,,,,
ECONOMIC CONDITIONS,Pillar3_Normalized,Minor,Decrease,98.99,98.64,-0.34,-0.3,,,,,,,,,,,,,,,
DEVELOPMENT FINANCE,Pillar3_Normalized,Minor,Decrease,98.99,98.64,-0.34,-0.3,,,,,,,,,,,,,,,
RADIOLOGICAL WEAPONS,Pillar3,Minor,Increase,99.66,100.0,0.34,0.3,,,,,,,,,,,,,,,
SPACE SCIENCES,Pillar2,Minor,Decrease,99.78,99.44,-0.34,-0.3,,,,,,,,,,,,,,,
SPACE LAW,Pillar3_Normalized,Minor,Decrease,92.68,92.34,-0.34,-0.4,,,,,,,,,,,,,,,
NUCLEAR SCIENCE,Pillar2,Minor,Increase,99.59,99.93,0.34,0.3,,,,,,,,,,,,,,,
DEVELOPMENT FINANCE,Pillar3,Minor,Decrease,98.99,98.65,-0.34,-0.3,,,,,,,,,,,,,,,
ECONOMIC CONDITIONS,Pillar3,Minor,Decrease,98.99,98.65,-0.34,-0.3,,,,,,,,,,,,,,,
DIPLOMACY,Pillar3,Minor,Increase,98.67,99.0,0.33,0.3,,,,,,,,,,,,,,,
DIPLOMACY,Pillar3_Normalized,Minor,Increase,98.66,98.99,0.33,0.3,,,,,,,,,,,,,,,
SPACE LAW,Pillar3,Minor,Decrease,92.71,92.38,-0.33,-0.4,,,,,,,,,,,,,,,
SOCIAL DEVELOPMENT,Pillar1_Normalized,Minor,Decrease,87.5,87.18,-0.32,-0.4,,,,,,,,,,,,,,,
ECONOMIC DEVELOPMENT AND DEVELOPMENT FINANCE,Pillar3_Normalized,Minor,Decrease,98.32,98.01,-0.3,-0.3,,,,,,,,,,,,,,,
ECONOMIC DEVELOPMENT AND DEVELOPMENT FINANCE,Pillar3,Minor,Decrease,98.32,98.03,-0.3,-0.3,,,,,,,,,,,,,,,
ECONOMIC DEVELOPMENT AND DEVELOPMENT FINANCE,Pillar2_Normalized,Minor,Increase,99.56,99.85,0.29,0.3,,,,,,,,,,,,,,,
ECONOMIC DEVELOPMENT AND DEVELOPMENT FINANCE,Pillar2,Minor,Increase,99.57,99.86,0.29,0.3,,,,,,,,,,,,,,,
INTERNATIONAL RELATIONS,Pillar3_Normalized,Minor,Decrease,99.34,99.06,-0.28,-0.3,,,,,,,,,,,,,,,
INTERNATIONAL RELATIONS,Pillar3,Minor,Decrease,99.35,99.07,-0.28,-0.3,,,,,,,,,,,,,,,
CHEMICAL WEAPONS,Pillar3_Normalized,Minor,Increase,99.09,99.36,0.27,0.3,,,,,,,,,,,,,,,
CHEMICAL WEAPONS,Pillar3,Minor,Increase,99.09,99.36,0.27,0.3,,,,,,,,,,,,,,,
INTERNATIONAL SECURITY,Pillar3_Normalized,Minor,Decrease,99.61,99.34,-0.27,-0.3,,,,,,,,,,,,,,,
INTERNATIONAL SECURITY,Pillar3,Minor,Decrease,99.61,99.35,-0.27,-0.3,,,,,,,,,,,,,,,
ARMS EMBARGO,Pillar1_Normalized,Minor,Decrease,92.89,92.63,-0.26,-0.3,,,,,,,,,,,,,,,
SCIENCE AND TECHNOLOGY,Pillar2_Normalized,Minor,Increase,99.62,99.86,0.24,0.2,,,,,,,,,,,,,,,
TREATIES,Pillar3_Normalized,Minor,Increase,99.74,99.98,0.24,0.2,,,,,,,,,,,,,,,
TREATIES,Pillar3,Minor,Increase,99.74,99.98,0.24,0.2,,,,,,,,,,,,,,,
SCIENCE AND TECHNOLOGY,Pillar2,Minor,Increase,99.63,99.87,0.24,0.2,,,,,,,,,,,,,,,
TREATIES,Pillar2_Normalized,Minor,Increase,99.77,100.0,0.23,0.2,,,,,,,,,,,,,,,
NUCLEAR NON-PROLIFERATION,Pillar2_Normalized,Minor,Increase,99.77,100.0,0.23,0.2,,,,,,,,,,,,,,,
TREATIES,Pillar2,Minor,Increase,99.78,100.0,0.22,0.2,,,,,,,,,,,,,,,
NUCLEAR NON-PROLIFERATION,Pillar2,Minor,Increase,99.78,100.0,0.22,0.2,,,,,,,,,,,,,,,
NUCLEAR DISARMAMENT,Pillar3,Minor,Increase,96.82,97.04,0.22,0.2,,,,,,,,,,,,,,,
NUCLEAR DISARMAMENT,Pillar3_Normalized,Minor,Increase,96.81,97.02,0.22,0.2,,,,,,,,,,,,,,,
INTERNATIONAL TRADE,Pillar3_Normalized,Minor,Decrease,98.99,98.78,-0.2,-0.2,,,,,,,,,,,,,,,
INTERNATIONAL TRADE,Pillar3,Minor,Decrease,98.99,98.79,-0.2,-0.2,,,,,,,,,,,,,,,
POLITICAL EVENTS AND ISSUES,Pillar2_Normalized,Minor,Decrease,99.97,99.77,-0.2,-0.2,,,,,,,,,,,,,,,
SELF-DETERMINATION OF PEOPLES,Pillar3,Minor,Increase,98.6,98.79,0.19,0.2,,,,,,,,,,,,,,,
SELF-DETERMINATION OF PEOPLES,Pillar3_Normalized,Minor,Increase,98.6,98.79,0.19,0.2,,,,,,,,,,,,,,,
POLITICAL EVENTS AND ISSUES,Pillar2,Minor,Decrease,99.97,99.78,-0.19,-0.2,,,,,,,,,,,,,,,
SCIENCE AND TECHNOLOGY,Pillar1,Minor,Decrease,88.54,88.36,-0.17,-0.2,,,,,,,,,,,,,,,
INTERNATIONAL RELATIONS,Pillar2_Normalized,Minor,Increase,99.21,99.36,0.15,0.2,,,,,,,,,,,,,,,
INTERNATIONAL RELATIONS,Pillar2,Minor,Increase,99.23,99.37,0.14,0.1,,,,,,,,,,,,,,,
EQUALITY,Pillar3,Minor,Increase,95.34,95.49,0.14,0.2,,,,,,,,,,,,,,,
DISARMAMENT AND MILITARY QUESTIONS,Pillar3,Minor,Increase,98.84,98.98,0.14,0.1,,,,,,,,,,,,,,,
DISARMAMENT AND MILITARY QUESTIONS,Pillar3_Normalized,Minor,Increase,98.84,98.97,0.14,0.1,,,,,,,,,,,,,,,
NUCLEAR NON-PROLIFERATION,Pillar3_Normalized,Minor,Decrease,95.07,94.93,-0.14,-0.1,,,,,,,,,,,,,,,
EQUALITY,Pillar3_Normalized,Minor,Increase,95.33,95.46,0.14,0.1,,,,,,,,,,,,,,,
NUCLEAR NON-PROLIFERATION,Pillar3,Minor,Decrease,95.09,94.96,-0.13,-0.1,,,,,,,,,,,,,,,
MILITARY TECHNOLOGY,Pillar3_Normalized,Minor,Decrease,99.7,99.58,-0.13,-0.1,,,,,,,,,,,,,,,
MILITARY TECHNOLOGY,Pillar3,Minor,Decrease,99.7,99.58,-0.13,-0.1,,,,,,,,,,,,,,,
LANDMINES,Pillar3,Minor,Increase,99.56,99.67,0.11,0.1,,,,,,,,,,,,,,,
LANDMINES,Pillar3_Normalized,Minor,Increase,99.56,99.67,0.11,0.1,,,,,,,,,,,,,,,
DISPUTE SETTLEMENT,Pillar2_Normalized,Minor,Increase,98.97,99.08,0.11,0.1,,,,,,,,,,,,,,,
ENVIRONMENT,Pillar3_Normalized,Minor,Increase,99.86,99.97,0.11,0.1,,,,,,,,,,,,,,,
ENVIRONMENT,Pillar3,Minor,Increase,99.86,99.97,0.11,0.1,,,,,,,,,,,,,,,
RURAL DEVELOPMENT,Pillar3_Normalized,Minor,Decrease,92.82,92.71,-0.11,-0.1,,,,,,,,,,,,,,,
RURAL POVERTY,Pillar3_Normalized,Minor,Decrease,92.82,92.71,-0.11,-0.1,,,,,,,,,,,,,,,
DISPUTE SETTLEMENT,Pillar2,Minor,Increase,98.99,99.1,0.11,0.1,,,,,,,,,,,,,,,
RURAL POVERTY,Pillar3,Minor,Decrease,92.85,92.75,-0.1,-0.1,,,,,,,,,,,,,,,
RURAL DEVELOPMENT,Pillar3,Minor,Decrease,92.85,92.75,-0.1,-0.1,,,,,,,,,,,,,,,
NUCLEAR DISARMAMENT,Pillar1_Normalized,Minor,Decrease,94.42,94.32,-0.1,-0.1,,,,,,,,,,,,,,,
GENERAL INTERNATIONAL TRADE AND TRADE POLICY,Pillar2_Normalized,Minor,Decrease,100.0,99.9,-0.1,-0.1,,,,,,,,,,,,,,,
INTERNATIONAL TRADE,Pillar2_Normalized,Minor,Decrease,100.0,99.9,-0.1,-0.1,,,,,,,,,,,,,,,
INTERNATIONAL TRADE,Pillar2,Minor,Decrease,100.0,99.91,-0.09,-0.1,,,,,,,,,,,,,,,
GENERAL INTERNATIONAL TRADE AND TRADE POLICY,Pillar2,Minor,Decrease,100.0,99.91,-0.09,-0.1,,,,,,,,,,,,,,,
WEAPONS OF MASS DESTRUCTION,Pillar3_Normalized,Minor,Decrease,99.98,99.91,-0.08,-0.1,,,,,,,,,,,,,,,
WEAPONS OF MASS DESTRUCTION,Pillar3,Minor,Decrease,99.98,99.91,-0.08,-0.1,,,,,,,,,,,,,,,
ENVIRONMENT,Pillar2_Normalized,Minor,Decrease,99.96,99.89,-0.07,-0.1,,,,,,,,,,,,,,,
ENVIRONMENT,Pillar2,Minor,Decrease,99.96,99.9,-0.07,-0.1,,,,,,,,,,,,,,,
ARMS EMBARGO,Pillar1,Minor,Decrease,95.26,95.21,-0.05,-0.1,,,,,,,,,,,,,,,
RACIAL DISCRIMINATION,Pillar2_Normalized,Minor,Increase,99.74,99.77,0.03,0.0,,,,,,,,,,,,,,,
RACIAL DISCRIMINATION,Pillar2,Minor,Increase,99.75,99.78,0.03,0.0,,,,,,,,,,,,,,,
DISARMAMENT AND MILITARY QUESTIONS,Pillar2_Normalized,Minor,Decrease,99.97,99.94,-0.03,-0.0,,,,,,,,,,,,,,,
DISARMAMENT AND MILITARY QUESTIONS,Pillar2,Minor,Decrease,99.97,99.94,-0.03,-0.0,,,,,,,,,,,,,,,
DEVELOPMENT,Pillar2_Normalized,Minor,Decrease,99.9,99.87,-0.03,-0.0,,,,,,,,,,,,,,,
NUCLEAR DISARMAMENT,Pillar1,Minor,Increase,96.28,96.31,0.03,0.0,,,,,,,,,,,,,,,
DEVELOPMENT,Pillar2,Minor,Decrease,99.91,99.88,-0.03,-0.0,,,,,,,,,,,,,,,
POLITICAL AND LEGAL QUESTIONS,Pillar2,Minor,Decrease,99.86,99.83,-0.03,-0.0,,,,,,,,,,,,,,,
POLITICAL AND LEGAL QUESTIONS,Pillar2_Normalized,Minor,Decrease,99.86,99.83,-0.03,-0.0,,,,,,,,,,,,,,,
NUCLEAR DISARMAMENT,Pillar2_Normalized,Minor,Increase,99.96,99.99,0.03,0.0,,,,,,,,,,,,,,,
NUCLEAR DISARMAMENT,Pillar2,Minor,Increase,99.97,99.99,0.02,0.0,,,,,,,,,,,,,,,
SPACE DEBRIS,Pillar3,Minor,Increase,99.82,99.84,0.02,0.0,,,,,,,,,,,,,,,
SPACE DEBRIS,Pillar3_Normalized,Minor,Increase,99.82,99.84,0.02,0.0,,,,,,,,,,,,,,,
OCEANS,Pillar3_Normalized,Minor,Increase,99.97,99.99,0.01,0.0,,,,,,,,,,,,,,,
OCEANS,Pillar3,Minor,Increase,99.97,99.99,0.01,0.0,,,,,,,,,,,,,,,
ENVIRONMENTAL CLEANUP,Pillar3,Minor,Increase,99.9,99.91,0.01,0.0,,,,,,,,,,,,,,,
RADIOACTIVE CONTAMINATION,Pillar3,Minor,Increase,99.9,99.91,0.01,0.0,,,,,,,,,,,,,,,
RADIOACTIVE CONTAMINATION,Pillar3_Normalized,Minor,Increase,99.9,99.91,0.01,0.0,,,,,,,,,,,,,,,
ENVIRONMENTAL CLEANUP,Pillar3_Normalized,Minor,Increase,99.9,99.91,0.01,0.0,,,,,,,,,,,,,,,
IRAN SITUATION,Pillar2_Normalized,Minor,Increase,97.26,97.27,0.01,0.0,,,,,,,,,,,,,,,
NUCLEAR WEAPON STATES,Pillar3_Normalized,Minor,Increase,99.98,99.99,0.01,0.0,,,,,,,,,,,,,,,
NUCLEAR WEAPON STATES,Pillar3,Minor,Increase,99.98,99.99,0.01,0.0,,,,,,,,,,,,,,,
WILDLIFE,Pillar3_Normalized,Minor,Decrease,99.99,99.99,-0.01,-0.0,,,,,,,,,,,,,,,
WILDLIFE,Pillar3,Minor,Decrease,99.99,99.99,-0.01,-0.0,,,,,,,,,,,,,,,
MARINE RESOURCES CONSERVATION,Pillar3_Normalized,Minor,Decrease,99.99,99.99,-0.01,-0.0,,,,,,,,,,,,,,,
BIOLOGICAL MONITORING,Pillar3_Normalized,Minor,Decrease,99.99,99.99,-0.01,-0.0,,,,,,,,,,,,,,,
MARINE RESOURCES CONSERVATION,Pillar3,Minor,Decrease,99.99,99.99,-0.01,-0.0,,,,,,,,,,,,,,,
BIOLOGICAL MONITORING,Pillar3,Minor,Decrease,99.99,99.99,-0.01,-0.0,,,,,,,,,,,,,,,
CHEMICAL WEAPONS,Pillar2_Normalized,Minor,Increase,98.81,98.81,0.01,0.0,,,,,,,,,,,,,,,
EQUALITY,Pillar2_Normalized,Minor,Increase,98.86,98.87,0.01,0.0,,,,,,,,,,,,,,,
RIGHT TO DEVELOPMENT,Pillar2_Normalized,Minor,Increase,98.97,98.97,0.0,0.0,,,,,,,,,,,,,,,
SPACE DEBRIS,Pillar2_Normalized,Minor,Increase,98.97,98.97,0.0,0.0,,,,,,,,,,,,,,,
NAZISM,Pillar2_Normalized,Minor,Increase,98.97,98.97,0.0,0.0,,,,,,,,,,,,,,,
INTERNATIONAL CRIMINAL COURTS,Pillar2_Normalized,Minor,Increase,98.97,98.97,0.0,0.0,,,,,,,,,,,,,,,
OCEANS,Pillar2_Normalized,Minor,Increase,98.97,98.97,0.0,0.0,,,,,,,,,,,,,,,
WOMEN'S ADVANCEMENT,Pillar2_Normalized,Minor,Increase,98.97,98.97,0.0,0.0,,,,,,,,,,,,,,,
MERCENARIES,Pillar2_Normalized,Minor,Increase,98.97,98.97,0.0,0.0,,,,,,,,,,,,,,,
NUCLEAR LAW,Pillar3,Minor,Increase,99.97,99.98,0.0,0.0,,,,,,,,,,,,,,,
NUCLEAR LAW,Pillar3_Normalized,Minor,Increase,99.97,99.98,0.0,0.0,,,,,,,,,,,,,,,
BILATERAL TRADE AGREEMENTS,Pillar3_Normalized,Minor,Decrease,99.99,99.99,-0.0,-0.0,,,,,,,,,,,,,,,
DEBT RELIEF,Pillar3_Normalized,Minor,Decrease,99.99,99.99,-0.0,-0.0,,,,,,,,,,,,,,,
SOCIAL DEVELOPMENT,Pillar1,Minor,Decrease,91.67,91.67,-0.0,-0.0,,,,,,,,,,,,,,,
RADIOACTIVE CONTAMINATION,Pillar2_Normalized,Minor,No Change,100.0,100.0,0.0,0.0,,,,,,,,,,,,,,,
RADIOACTIVE CONTAMINATION,Pillar2,Minor,No Change,100.0,100.0,0.0,0.0,,,,,,,,,,,,,,,
NUCLEAR WEAPON STATES,Pillar1_Normalized,Minor,No Change,100.0,100.0,0.0,0.0,,,,,,,,,,,,,,,
NUCLEAR WEAPON STATES,Pillar2_Normalized,Minor,No Change,100.0,100.0,0.0,0.0,,,,,,,,,,,,,,,
NUCLEAR WEAPON STATES,Pillar1,Minor,No Change,100.0,100.0,0.0,0.0,,,,,,,,,,,,,,,
NUCLEAR WEAPON STATES,Pillar2,Minor,No Change,100.0,100.0,0.0,0.0,,,,,,,,,,,,,,,
INTERNATIONAL COOPERATION,Pillar1,Minor,No Change,83.33,83.33,0.0,0.0,,,,,,,,,,,,,,,
WELFARE AND SOCIAL SERVICES,Pillar1,Minor,No Change,50.0,50.0,0.0,0.0,1,1,0.0,100.0,100.0,YES:0 NO:0 ABSTAIN:1,YES:1 NO:0 ABSTAIN:0,2023-12-07,ABSTAIN,Assistance to Palestine refugees : resolution / adopted by the General Assembly,A/RES/78/74,2024-12-24,YES,"Proposed programme budget for 2025 : Section 26, Palestine refugees : resolution / adopted by the Ge...",A/RES/79/256
BILATERAL TRADE AGREEMENTS,Pillar3,Minor,No Change,99.99,99.99,0.0,0.0,,,,,,,,,,,,,,,
NUCLEAR WEAPONS,Pillar1,Minor,No Change,100.0,100.0,0.0,0.0,,,,,,,,,,,,,,,
TREATIES,Pillar1,Minor,No Change,100.0,100.0,0.0,0.0,,,,,,,,,,,,,,,
GENERAL INTERNATIONAL TRADE AND TRADE POLICY,Pillar1,Minor,No Change,100.0,100.0,0.0,0.0,,,,,,,,,,,,,,,
ENVIRONMENT,Pillar1_Normalized,Minor,No Change,100.0,100.0,0.0,0.0,,,,,,,,,,,,,,,
ENVIRONMENT,Pillar1,Minor,No Change,100.0,100.0,0.0,0.0,,,,,,,,,,,,,,,
TREATIES,Pillar1_Normalized,Minor,No Change,100.0,100.0,0.0,0.0,,,,,,,,,,,,,,,
SPACE LAW,Pillar1,Minor,No Change,100.0,100.0,0.0,0.0,,,,,,,,,,,,,,,
GENERAL INTERNATIONAL TRADE AND TRADE POLICY,Pillar1_Normalized,Minor,No Change,100.0,100.0,0.0,0.0,,,,,,,,,,,,,,,
RACISM,Pillar1,Minor,No Change,100.0,100.0,0.0,0.0,,,,,,,,,,,,,,,
RACISM,Pillar1_Normalized,Minor,No Change,100.0,100.0,0.0,0.0,,,,,,,,,,,,,,,
BILATERAL TRADE AGREEMENTS,Pillar2_Normalized,Minor,No Change,100.0,100.0,0.0,0.0,,,,,,,,,,,,,,,
INTERNATIONAL TRADE,Pillar1_Normalized,Minor,No Change,100.0,100.0,0.0,0.0,,,,,,,,,,,,,,,
BILATERAL TRADE AGREEMENTS,Pillar2,Minor,No Change,100.0,100.0,0.0,0.0,,,,,,,,,,,,,,,
DISARMAMENT,Pillar1,Minor,No Change,100.0,100.0,0.0,0.0,,,,,,,,,,,,,,,
DISARMAMENT,Pillar2,Minor,No Change,100.0,100.0,0.0,0.0,,,,,,,,,,,,,,,
DISARMAMENT,Pillar1_Normalized,Minor,No Change,100.0,100.0,0.0,0.0,,,,,,,,,,,,,,,
DISARMAMENT,Pillar2_Normalized,Minor,No Change,100.0,100.0,0.0,0.0,,,,,,,,,,,,,,,
TRADE RELATED FINANCE,Pillar2,Minor,No Change,100.0,100.0,0.0,0.0,,,,,,,,,,,,,,,
OUTER SPACE,Pillar1_Normalized,Minor,No Change,100.0,100.0,0.0,0.0,,,,,,,,,,,,,,,
RURAL DEVELOPMENT,Pillar1,Minor,No Change,100.0,100.0,0.0,0.0,,,,,,,,,,,,,,,
NUCLEAR WEAPONS,Pillar2_Normalized,Minor,No Change,100.0,100.0,0.0,0.0,,,,,,,,,,,,,,,
NUCLEAR WEAPONS,Pillar1_Normalized,Minor,No Change,100.0,100.0,0.0,0.0,,,,,,,,,,,,,,,
NUCLEAR WEAPONS,Pillar2,Minor,No Change,100.0,100.0,0.0,0.0,,,,,,,,,,,,,,,
MARINE RESOURCES CONSERVATION,Pillar2,Minor,No Change,100.0,100.0,0.0,0.0,,,,,,,,,,,,,,,
GEORGIAN REFUGEES,Pillar1_Normalized,Minor,No Change,100.0,100.0,0.0,0.0,,,,,,,,,,,,,,,
GEORGIAN REFUGEES,Pillar1,Minor,No Change,100.0,100.0,0.0,0.0,,,,,,,,,,,,,,,
NUCLEAR NON-PROLIFERATION,Pillar1_Normalized,Minor,No Change,100.0,100.0,0.0,0.0,,,,,,,,,,,,,,,
NUCLEAR NON-PROLIFERATION,Pillar1,Minor,No Change,100.0,100.0,0.0,0.0,,,,,,,,,,,,,,,
RURAL DEVELOPMENT,Pillar1_Normalized,Minor,No Change,100.0,100.0,0.0,0.0,,,,,,,,,,,,,,,
MARINE RESOURCES CONSERVATION,Pillar2_Normalized,Minor,No Change,100.0,100.0,0.0,0.0,,,,,,,,,,,,,,,
BIOLOGICAL MONITORING,Pillar2,Minor,No Change,100.0,100.0,0.0,0.0,,,,,,,,,,,,,,,
BIOLOGICAL MONITORING,Pillar2_Normalized,Minor,No Change,100.0,100.0,0.0,0.0,,,,,,,,,,,,,,,
UKRAINE SITUATION,Pillar1,Minor,No Change,100.0,100.0,0.0,0.0,,,,,,,,,,,,,,,
UKRAINE SITUATION,Pillar1_Normalized,Minor,No Change,100.0,100.0,0.0,0.0,,,,,,,,,,,,,,,
RURAL DEVELOPMENT,Pillar2,Minor,No Change,100.0,100.0,0.0,0.0,,,,,,,,,,,,,,,
SPACE SCIENCES,Pillar1,Minor,No Change,100.0,100.0,0.0,0.0,,,,,,,,,,,,,,,
SPACE SCIENCES,Pillar1_Normalized,Minor,No Change,100.0,100.0,0.0,0.0,,,,,,,,,,,,,,,
RURAL DEVELOPMENT,Pillar2_Normalized,Minor,No Change,100.0,100.0,0.0,0.0,,,,,,,,,,,,,,,
TRADE RELATED FINANCE,Pillar2_Normalized,Minor,No Change,100.0,100.0,0.0,0.0,,,,,,,,,,,,,,,
OUTER SPACE,Pillar1,Minor,No Change,100.0,100.0,0.0,0.0,,,,,,,,,,,,,,,
SPACE LAW,Pillar1_Normalized,Minor,No Change,100.0,100.0,0.0,0.0,,,,,,,,,,,,,,,
ARMS LIMITATION,Pillar1,Minor,No Change,100.0,100.0,0.0,0.0,,,,,,,,,,,,,,,
ARMS LIMITATION,Pillar2,Minor,No Change,100.0,100.0,0.0,0.0,,,,,,,,,,,,,,,
ARMS LIMITATION,Pillar1_Normalized,Minor,No Change,100.0,100.0,0.0,0.0,,,,,,,,,,,,,,,
ARMS LIMITATION,Pillar2_Normalized,Minor,No Change,100.0,100.0,0.0,0.0,,,,,,,,,,,,,,,
RACIAL DISCRIMINATION,Pillar1_Normalized,Minor,No Change,100.0,100.0,0.0,0.0,,,,,,,,,,,,,,,
INTERNATIONAL TRADE,Pillar1,Minor,No Change,100.0,100.0,0.0,0.0,,,,,,,,,,,,,,,
ECONOMIC CONDITIONS,Pillar2_Normalized,Minor,No Change,100.0,100.0,0.0,0.0,,,,,,,,,,,,,,,
NUCLEAR LAW,Pillar1_Normalized,Minor,No Change,100.0,100.0,0.0,0.0,,,,,,,,,,,,,,,
NUCLEAR LAW,Pillar2_Normalized,Minor,No Change,100.0,100.0,0.0,0.0,,,,,,,,,,,,,,,
DEBT RELIEF,Pillar2_Normalized,Minor,No Change,100.0,100.0,0.0,0.0,,,,,,,,,,,,,,,
DEBT RELIEF,Pillar3,Minor,No Change,99.99,99.99,0.0,0.0,,,,,,,,,,,,,,,
DEBT RELIEF,Pillar2,Minor,No Change,100.0,100.0,0.0,0.0,,,,,,,,,,,,,,,
LANDMINES,Pillar2_Normalized,Minor,No Change,100.0,100.0,0.0,0.0,,,,,,,,,,,,,,,
LANDMINES,Pillar2,Minor,No Change,100.0,100.0,0.0,0.0,,,,,,,,,,,,,,,
LANDMINES,Pillar1_Normalized,Minor,No Change,100.0,100.0,0.0,0.0,,,,,,,,,,,,,,,
IRAN SITUATION,Pillar1_Normalized,Minor,No Change,100.0,100.0,0.0,0.0,,,,,,,,,,,,,,,
LANDMINES,Pillar1,Minor,No Change,100.0,100.0,0.0,0.0,,,,,,,,,,,,,,,
MERCENARIES,Pillar2,Minor,No Change,98.99,98.99,0.0,0.0,,,,,,,,,,,,,,,
IRAN SITUATION,Pillar1,Minor,No Change,100.0,100.0,0.0,0.0,,,,,,,,,,,,,,,
IRAN SITUATION,Pillar2,Minor,No Change,97.33,97.33,0.0,0.0,,,,,,,,,,,,,,,
CHEMICAL WEAPONS,Pillar2,Minor,No Change,98.84,98.84,0.0,0.0,,,,,,,,,,,,,,,
CHEMICAL WEAPONS,Pillar1_Normalized,Minor,No Change,100.0,100.0,0.0,0.0,,,,,,,,,,,,,,,
RIGHT TO DEVELOPMENT,Pillar2,Minor,No Change,98.99,98.99,0.0,0.0,,,,,,,,,,,,,,,
RIGHT TO DEVELOPMENT,Pillar1,Minor,No Change,100.0,100.0,0.0,0.0,,,,,,,,,,,,,,,
RIGHT TO DEVELOPMENT,Pillar1_Normalized,Minor,No Change,100.0,100.0,0.0,0.0,,,,,,,,,,,,,,,
WILDLIFE,Pillar2_Normalized,Minor,No Change,100.0,100.0,0.0,0.0,,,,,,,,,,,,,,,
CHEMICAL WEAPONS,Pillar1,Minor,No Change,100.0,100.0,0.0,0.0,,,,,,,,,,,,,,,
ECONOMIC CONDITIONS,Pillar1_Normalized,Minor,No Change,100.0,100.0,0.0,0.0,,,,,,,,,,,,,,,
ECONOMIC CONDITIONS,Pillar2,Minor,No Change,100.0,100.0,0.0,0.0,,,,,,,,,,,,,,,
ECONOMIC CONDITIONS,Pillar1,Minor,No Change,100.0,100.0,0.0,0.0,,,,,,,,,,,,,,,
EQUALITY,Pillar1_Normalized,Minor,No Change,100.0,100.0,0.0,0.0,,,,,,,,,,,,,,,
EQUALITY,Pillar1,Minor,No Change,100.0,100.0,0.0,0.0,,,,,,,,,,,,,,,
EQUALITY,Pillar2,Minor,No Change,98.89,98.89,0.0,0.0,,,,,,,,,,,,,,,
NUCLEAR LAW,Pillar1,Minor,No Change,100.0,100.0,0.0,0.0,,,,,,,,,,,,,,,
NUCLEAR LAW,Pillar2,Minor,No Change,100.0,100.0,0.0,0.0,,,,,,,,,,,,,,,
WOMEN'S ADVANCEMENT,Pillar1,Minor,No Change,100.0,100.0,0.0,0.0,,,,,,,,,,,,,,,
WILDLIFE,Pillar2,Minor,No Change,100.0,100.0,0.0,0.0,,,,,,,,,,,,,,,
RACIAL DISCRIMINATION,Pillar1,Minor,No Change,100.0,100.0,0.0,0.0,,,,,,,,,,,,,,,
WOMEN'S ADVANCEMENT,Pillar1_Normalized,Minor,No Change,100.0,100.0,0.0,0.0,,,,,,,,,,,,,,,
WOMEN'S ADVANCEMENT,Pillar2,Minor,No Change,98.99,98.99,0.0,0.0,,,,,,,,,,,,,,,
INTERNATIONAL CRIMINAL COURTS,Pillar2,Minor,No Change,98.99,98.99,0.0,0.0,,,,,,,,,,,,,,,
DEMOCRACY,Pillar1,Minor,No Change,81.25,81.25,0.0,0.0,,,,,,,,,,,,,,,
DEVELOPMENT FINANCE,Pillar2_Normalized,Minor,No Change,100.0,100.0,0.0,0.0,,,,,,,,,,,,,,,
DEVELOPMENT FINANCE,Pillar1_Normalized,Minor,No Change,100.0,100.0,0.0,0.0,,,,,,,,,,,,,,,
DEVELOPMENT FINANCE,Pillar2,Minor,No Change,100.0,100.0,0.0,0.0,,,,,,,,,,,,,,,
DEVELOPMENT FINANCE,Pillar1,Minor,No Change,100.0,100.0,0.0,0.0,,,,,,,,,,,,,,,
DEVELOPMENT,Pillar1_Normalized,Minor,No Change,100.0,100.0,0.0,0.0,,,,,,,,,,,,,,,
AMMUNITION,Pillar2_Normalized,Minor,No Change,100.0,100.0,0.0,0.0,,,,,,,,,,,,,,,
DEVELOPMENT,Pillar1,Minor,No Change,100.0,100.0,0.0,0.0,,,,,,,,,,,,,,,
CIVILIAN PERSONS,Pillar1,Minor,No Change,100.0,100.0,0.0,0.0,,,,,,,,,,,,,,,
CIVILIAN PERSONS,Pillar1_Normalized,Minor,No Change,100.0,100.0,0.0,0.0,,,,,,,,,,,,,,,
AMMUNITION,Pillar1_Normalized,Minor,No Change,100.0,100.0,0.0,0.0,,,,,,,,,,,,,,,
AMMUNITION,Pillar2,Minor,No Change,100.0,100.0,0.0,0.0,,,,,,,,,,,,,,,
OCEANS,Pillar2,Minor,No Change,98.99,98.99,0.0,0.0,,,,,,,,,,,,,,,
AMMUNITION,Pillar1,Minor,No Change,100.0,100.0,0.0,0.0,,,,,,,,,,,,,,,
NAZISM,Pillar1,Minor,No Change,100.0,100.0,0.0,0.0,,,,,,,,,,,,,,,
ECONOMIC DEVELOPMENT AND DEVELOPMENT FINANCE,Pillar1,Minor,No Change,100.0,100.0,0.0,0.0,,,,,,,,,,,,,,,
CLUSTER MUNITIONS,Pillar2,Minor,No Change,100.0,100.0,0.0,0.0,,,,,,,,,,,,,,,
CLUSTER MUNITIONS,Pillar1,Minor,No Change,100.0,100.0,0.0,0.0,,,,,,,,,,,,,,,
NAZISM,Pillar1_Normalized,Minor,No Change,100.0,100.0,0.0,0.0,,,,,,,,,,,,,,,
NAZISM,Pillar2,Minor,No Change,98.99,98.99,0.0,0.0,,,,,,,,,,,,,,,
ECONOMIC DEVELOPMENT AND DEVELOPMENT FINANCE,Pillar1_Normalized,Minor,No Change,100.0,100.0,0.0,0.0,,,,,,,,,,,,,,,
SYRIA SITUATION,Pillar1,Minor,No Change,100.0,100.0,0.0,0.0,,,,,,,,,,,,,,,
SYRIA SITUATION,Pillar1_Normalized,Minor,No Change,100.0,100.0,0.0,0.0,,,,,,,,,,,,,,,
CLUSTER MUNITIONS,Pillar1_Normalized,Minor,No Change,100.0,100.0,0.0,0.0,,,,,,,,,,,,,,,
RURAL POVERTY,Pillar2_Normalized,Minor,No Change,100.0,100.0,0.0,0.0,,,,,,,,,,,,,,,
RURAL POVERTY,Pillar1_Normalized,Minor,No Change,100.0,100.0,0.0,0.0,,,,,,,,,,,,,,,
RURAL POVERTY,Pillar1,Minor,No Change,100.0,100.0,0.0,0.0,,,,,,,,,,,,,,,
RURAL POVERTY,Pillar2,Minor,No Change,100.0,100.0,0.0,0.0,,,,,,,,,,,,,,,
CLUSTER MUNITIONS,Pillar2_Normalized,Minor,No Change,100.0,100.0,0.0,0.0,,,,,,,,,,,,,,,
SPACE DEBRIS,Pillar2,Minor,No Change,98.99,98.99,0.0,0.0,,,,,,,,,,,,,,,
ENVIRONMENTAL CLEANUP,Pillar2,Minor,No Change,100.0,100.0,0.0,0.0,,,,,,,,,,,,,,,
ENVIRONMENTAL CLEANUP,Pillar2_Normalized,Minor,No Change,100.0,100.0,0.0,0.0,,,,,,,,,,,,,,,
