period,TopicTag,total_yes,total_votes,yes_vote_percentage
1945-1949,HISTORICAL PERIODS,53,57,92.98245614035088
1945-1949,DEVELOPMENT FINANCE,48,54,88.88888888888889
1945-1949,PUBLIC FINANCE,48,54,88.88888888888889
1945-1949,DEVELOPMENT,47,53,88.67924528301887
1945-1949,POLITICAL AND LEGAL QUESTIONS,2228,2915,76.43224699828474
1945-1949,DISCRIMINATION,155,205,75.60975609756098
1945-1949,INTERNATIONAL LAW,361,489,73.8241308793456
1945-1949,LAW OF WAR,38,52,73.07692307692307
1945-1949,INTERNATIONAL RELATIONS,883,1217,72.55546425636811
1945-1949,HUMAN RIGHTS,344,475,72.42105263157896
1945-1949,GENERAL AND NATIONAL LAW,98,136,72.05882352941177
1945-1949,MAINTENANCE OF PEACE AND SECURITY,40,57,70.17543859649122
1945-1949,POLITICAL EVENTS AND ISSUES,229,332,68.97590361445783
1945-1949,No Tag,75,112,66.96428571428571
1945-1949,PROTECTION OF AND ASSISTANCE TO REFUGEES AND DISPLACED PERSONS,132,201,65.67164179104478
1945-1949,COMMUNICATION AND MASS MEDIA,38,58,65.51724137931035
1945-1949,SOCIAL DEVELOPMENT,172,268,64.17910447761194
1945-1949,TELECOMMUNICATIONS,33,52,63.46153846153846
1945-1949,STATISTICS,30,53,56.60377358490566
1945-1949,LANGUAGE,32,57,56.14035087719298
1950-1954,AIR TRANSPORT,53,59,89.83050847457628
1950-1954,SPECIAL HUMANITARIAN OPERATIONS,51,58,87.93103448275862
1950-1954,NUCLEAR SCIENCE,47,55,85.45454545454545
1950-1954,WOMEN'S ADVANCEMENT,192,230,83.47826086956522
1950-1954,LANGUAGE,47,57,82.45614035087719
1950-1954,POLITICAL EVENTS AND ISSUES,330,403,81.88585607940446
1950-1954,DISARMAMENT AND MILITARY QUESTIONS,140,172,81.3953488372093
1950-1954,LAW OF WAR,45,56,80.35714285714286
1950-1954,MAINTENANCE OF PEACE AND SECURITY,648,819,79.12087912087912
1950-1954,INTERNATIONAL RELATIONS,787,995,79.09547738693468
1950-1954,POLITICAL AND LEGAL QUESTIONS,2282,3132,72.86079182630907
1950-1954,INTERNATIONAL LAW,166,229,72.48908296943232
1950-1954,HUMAN RIGHTS,651,926,70.3023758099352
1950-1954,SOCIAL DEVELOPMENT,39,56,69.64285714285714
1950-1954,DISCRIMINATION,422,640,65.9375
1950-1954,PUBLIC FINANCE,77,120,64.16666666666667
1950-1954,POPULATION DYNAMICS,36,60,60.0
1950-1954,RESOURCES (GENERAL),36,60,60.0
1950-1954,ECONOMIC CONDITIONS,71,119,59.66386554621849
1950-1954,COMMODITIES,35,59,59.32203389830508
1950-1954,TRADE IN COMMODITIES,35,59,59.32203389830508
1950-1954,DEVELOPMENT,137,236,58.05084745762712
1950-1954,DEVELOPMENT FINANCE,65,116,56.03448275862068
1950-1954,No Tag,55,111,49.549549549549546
1955-1959,SOCIAL DEVELOPMENT,81,82,98.78048780487805
1955-1959,COMMODITIES,80,81,98.76543209876543
1955-1959,TRADE IN COMMODITIES,80,81,98.76543209876543
1955-1959,DEVELOPMENT,159,161,98.75776397515527
1955-1959,PUBLIC ADMINISTRATION,78,79,98.73417721518987
1955-1959,LAW OF THE SEA,71,77,92.20779220779221
1955-1959,BANKING AND INVESTMENT,69,81,85.18518518518519
1955-1959,TRADE RELATED FINANCE,69,81,85.18518518518519
1955-1959,DEVELOPMENT FINANCE,203,244,83.19672131147541
1955-1959,DISCRIMINATION,437,539,81.07606679035251
1955-1959,HUMAN RIGHTS,437,539,81.07606679035251
1955-1959,POLITICAL AND LEGAL QUESTIONS,4048,5359,75.53648068669528
1955-1959,POLITICAL EVENTS AND ISSUES,1668,2225,74.96629213483146
1955-1959,MAINTENANCE OF PEACE AND SECURITY,1628,2189,74.37185929648241
1955-1959,NUCLEAR SCIENCE,60,81,74.07407407407408
1955-1959,DISARMAMENT AND MILITARY QUESTIONS,415,564,73.58156028368793
1955-1959,TELECOMMUNICATIONS,54,74,72.97297297297297
1955-1959,INTERNATIONAL RELATIONS,1598,2226,71.78796046720575
1955-1959,SPACE SCIENCES,53,81,65.4320987654321
1955-1959,WOMEN'S ADVANCEMENT,47,73,64.38356164383562
1955-1959,INTERNATIONAL LAW,222,350,63.42857142857142
1955-1959,GENERAL AND NATIONAL LAW,80,132,60.60606060606061
1960-1964,DISCRIMINATION,614,692,88.72832369942196
1960-1964,ENVIRONMENTAL HEALTH,86,97,88.65979381443299
1960-1964,RESOURCES (GENERAL),87,101,86.13861386138613
1960-1964,HUMAN RIGHTS,761,896,84.93303571428571
1960-1964,NUCLEAR SCIENCE,466,583,79.93138936535163
1960-1964,POLITICAL AND LEGAL QUESTIONS,5389,7127,75.61386277536131
1960-1964,GENERAL AND NATIONAL LAW,76,101,75.24752475247524
1960-1964,No Tag,148,202,73.26732673267327
1960-1964,DEVELOPMENT FINANCE,223,309,72.168284789644
1960-1964,SOCIAL DEVELOPMENT,147,204,72.05882352941177
1960-1964,DISARMAMENT AND MILITARY QUESTIONS,784,1090,71.92660550458716
1960-1964,INTERNATIONAL LAW,356,502,70.91633466135458
1960-1964,PUBLIC FINANCE,360,512,70.3125
1960-1964,MAINTENANCE OF PEACE AND SECURITY,1391,2055,67.68856447688565
1960-1964,INTERNATIONAL RELATIONS,1394,2084,66.89059500959694
1960-1964,POLITICAL EVENTS AND ISSUES,909,1363,66.69112252384446
1960-1964,MONETARY ISSUES,58,95,61.05263157894737
1960-1964,DEVELOPMENT,57,97,58.76288659793815
1960-1964,ECONOMIC CONDITIONS,57,97,58.76288659793815
1960-1964,POPULATION DYNAMICS,57,97,58.76288659793815
1960-1964,PROTECTION OF AND ASSISTANCE TO REFUGEES AND DISPLACED PERSONS,157,297,52.861952861952865
1965-1969,NON-FORMAL EDUCATION,114,117,97.43589743589743
1965-1969,DISCRIMINATION,626,722,86.70360110803324
1965-1969,NUCLEAR SCIENCE,92,107,85.98130841121495
1965-1969,RECOMMENDATIONS,190,224,84.82142857142857
1965-1969,INTERNATIONAL LAW,962,1159,83.00258843830889
1965-1969,SOCIAL DEVELOPMENT,769,945,81.37566137566138
1965-1969,DISARMAMENT AND MILITARY QUESTIONS,1816,2247,80.81886960391633
1965-1969,DEVELOPMENT FINANCE,75,95,78.94736842105263
1965-1969,HUMAN RIGHTS,1726,2220,77.74774774774775
1965-1969,No Tag,517,680,76.02941176470588
1965-1969,PUBLIC FINANCE,90,119,75.63025210084034
1965-1969,POLITICAL AND LEGAL QUESTIONS,8611,11393,75.58149741069077
1965-1969,PROTECTION OF AND ASSISTANCE TO REFUGEES AND DISPLACED PERSONS,245,325,75.38461538461539
1965-1969,LAW OF THE SEA,256,353,72.52124645892351
1965-1969,MARINE RESOURCES,256,353,72.52124645892351
1965-1969,MINERAL RESOURCES,256,353,72.52124645892351
1965-1969,INTERNATIONAL RELATIONS,3272,4548,71.94371152154794
1965-1969,DEVELOPMENT,150,212,70.75471698113208
1965-1969,INDUSTRIAL DEVELOPMENT SUPPORT SERVICES,150,212,70.75471698113208
1965-1969,POLITICAL EVENTS AND ISSUES,1269,1843,68.85512750949539
1965-1969,MAINTENANCE OF PEACE AND SECURITY,1459,2221,65.69113012156687
1965-1969,LAW OF WAR,58,101,57.42574257425742
1965-1969,WOMEN'S ADVANCEMENT,48,109,44.03669724770643
1970-1974,HISTORICAL PERIODS,127,127,100.0
1970-1974,SPECIAL GROUPS,91,91,100.0
1970-1974,WOMEN'S ADVANCEMENT,118,118,100.0
1970-1974,NON-FORMAL EDUCATION,663,682,97.21407624633432
1970-1974,TRANSNATIONAL CORPORATIONS,120,125,96.0
1970-1974,DISEASES AND CARRIERS OF DISEASES,332,350,94.85714285714286
1970-1974,CULTURAL DEVELOPMENT,233,246,94.71544715447155
1970-1974,SPECIAL CATEGORIES OF WORKERS,229,242,94.62809917355372
1970-1974,WELFARE AND SOCIAL SERVICES,341,361,94.45983379501385
1970-1974,DISEASE PREVENTION AND CONTROL,444,471,94.26751592356688
1970-1974,SPACE SCIENCES,195,207,94.20289855072464
1970-1974,COMMUNICATION AND MASS MEDIA,114,122,93.44262295081968
1970-1974,NARCOTIC DRUGS,335,361,92.797783933518
1970-1974,PUBLIC ADMINISTRATION,115,124,92.74193548387096
1970-1974,TELECOMMUNICATIONS,102,110,92.72727272727272
1970-1974,OPERATIONAL ACTIVITIES,99,107,92.5233644859813
1970-1974,SCIENCE AND TECHNOLOGY,116,126,92.06349206349206
1970-1974,HUMANITARIAN AID AND RELIEF,197,214,92.05607476635514
1970-1974,EMPLOYMENT PROMOTION AND PLANNING,111,121,91.73553719008265
1970-1974,STATISTICS,341,372,91.66666666666666
1970-1974,HUMAN SETTLEMENTS,120,132,90.9090909090909
1970-1974,SETTLEMENT PLANNING,120,132,90.9090909090909
1970-1974,DEVELOPMENT AND TRANSFER OF TECHNOLOGY AND PROMOTION OF SCIENCE,332,368,90.21739130434783
1970-1974,EDUCATIONAL PERSONNEL AND POPULATION,111,124,89.51612903225806
1970-1974,SKILLS DEVELOPMENT,111,124,89.51612903225806
1970-1974,PUBLIC FINANCE,2954,3339,88.46960167714884
1970-1974,SOCIAL DEVELOPMENT,2853,3249,87.81163434903047
1970-1974,PROTECTION OF INTELLECTUAL AND CULTURAL PROPERTY,112,128,87.5
1970-1974,GENERAL INTERNATIONAL TRADE AND TRADE POLICY,850,972,87.44855967078189
1970-1974,DEVELOPMENT,1699,1944,87.3971193415638
1970-1974,No Tag,960,1099,87.35213830755232
1970-1974,POLLUTION,608,701,86.73323823109843
1970-1974,MONETARY ISSUES,215,248,86.69354838709677
1970-1974,ECONOMIC CONDITIONS,746,861,86.64343786295005
1970-1974,LAW OF THE SEA,704,813,86.5928659286593
1970-1974,DEVELOPMENT FINANCE,1062,1228,86.48208469055375
1970-1974,ENVIRONMENTAL HEALTH,497,580,85.6896551724138
1970-1974,BANKING AND INVESTMENT,316,371,85.17520215633422
1970-1974,GENERAL AND NATIONAL LAW,836,993,84.18932527693856
1970-1974,POPULATION DYNAMICS,105,125,84.0
1970-1974,DISARMAMENT AND MILITARY QUESTIONS,4961,5911,83.92826932837083
1970-1974,ENVIRONMENT,1061,1267,83.74112075769534
1970-1974,INTERNATIONAL LAW,2956,3551,83.24415657561251
1970-1974,MARINE RESOURCES,500,601,83.19467554076539
1970-1974,POLITICAL AND LEGAL QUESTIONS,16869,20341,82.93102600658769
1970-1974,PHILOSOPHY AND RELIGION,101,122,82.78688524590164
1970-1974,DISCRIMINATION,3487,4261,81.83524994132833
1970-1974,LAW OF WAR,673,823,81.77399756986634
1970-1974,RECOMMENDATIONS,482,590,81.69491525423729
1970-1974,INTERNATIONAL TRADE LAW,208,256,81.25
1970-1974,CULTURE,292,360,81.11111111111111
1970-1974,HOUSING,208,257,80.93385214007782
1970-1974,HUMAN RIGHTS,4972,6178,80.47911945613467
1970-1974,WATER,396,493,80.32454361054768
1970-1974,CONDITIONS OF EMPLOYMENT,195,246,79.26829268292683
1970-1974,RESOURCES (GENERAL),576,742,77.62803234501348
1970-1974,TRADE IN MANUFACTURES; BARRIERS TO TRADE,95,123,77.23577235772358
1970-1974,POLITICAL EVENTS AND ISSUES,2329,3016,77.22148541114059
1970-1974,MAINTENANCE OF PEACE AND SECURITY,3860,5057,76.32983982598378
1970-1974,TRADE IN COMMODITIES,94,124,75.80645161290323
1970-1974,FINANCING,267,357,74.78991596638656
1970-1974,INTERNATIONAL RELATIONS,3805,5136,74.08489096573209
1970-1974,NUCLEAR SCIENCE,729,993,73.41389728096676
1970-1974,PROTECTION OF AND ASSISTANCE TO REFUGEES AND DISPLACED PERSONS,1026,1455,70.51546391752578
1970-1974,INTERNATIONAL TRADE,85,123,69.10569105691057
1975-1979,LAW OF THE SEA,126,127,99.21259842519686
1975-1979,NON-FORMAL EDUCATION,270,274,98.54014598540147
1975-1979,WELFARE AND SOCIAL SERVICES,1014,1053,96.29629629629629
1975-1979,RECOMMENDATIONS,246,259,94.98069498069498
1975-1979,EDUCATIONAL POLICY AND PLANNING,358,383,93.47258485639686
1975-1979,WATER,126,135,93.33333333333333
1975-1979,HOUSING,246,266,92.4812030075188
1975-1979,CULTURE,619,670,92.38805970149254
1975-1979,PHILOSOPHY AND RELIGION,243,264,92.04545454545455
1975-1979,COMPUTER SCIENCE AND TECHNOLOGY,362,394,91.87817258883248
1975-1979,COMPREHENSIVE HEALTH SERVICES,123,134,91.7910447761194
1975-1979,DISEASE PREVENTION AND CONTROL,123,134,91.7910447761194
1975-1979,NARCOTIC DRUGS,246,268,91.7910447761194
1975-1979,STATISTICS,356,388,91.75257731958763
1975-1979,SPACE SCIENCES,108,118,91.52542372881356
1975-1979,COMMODITIES,126,138,91.30434782608695
1975-1979,CULTURAL DEVELOPMENT,126,138,91.30434782608695
1975-1979,PROTECTION OF INTELLECTUAL AND CULTURAL PROPERTY,126,138,91.30434782608695
1975-1979,SOCIAL DEVELOPMENT,4344,4766,91.14561477129669
1975-1979,HUMANITARIAN AID AND RELIEF,234,257,91.05058365758755
1975-1979,LANGUAGE,121,133,90.97744360902256
1975-1979,PROGRAMME PLANNING,110,121,90.9090909090909
1975-1979,GENERAL AND NATIONAL LAW,557,615,90.5691056910569
1975-1979,PROTECTION OF AND ASSISTANCE TO REFUGEES AND DISPLACED PERSONS,2383,2636,90.402124430956
1975-1979,CONDITIONS OF EMPLOYMENT,474,526,90.11406844106465
1975-1979,No Tag,2266,2519,89.95633187772926
1975-1979,NATURAL RESOURCES AND THE ENVIRONMENT,247,277,89.16967509025271
1975-1979,PUBLIC FINANCE,3554,3997,88.91668751563672
1975-1979,EDUCATIONAL FACILITIES AND TECHNOLOGY,122,138,88.40579710144928
1975-1979,PUBLIC ADMINISTRATION,585,662,88.36858006042296
1975-1979,DEVELOPMENT AND TRANSFER OF TECHNOLOGY AND PROMOTION OF SCIENCE,471,535,88.03738317757009
1975-1979,SPECIAL GROUPS,569,647,87.94435857805254
1975-1979,INTERNATIONAL TRADE LAW,340,389,87.40359897172236
1975-1979,TRADE IN COMMODITIES,353,405,87.1604938271605
1975-1979,MONETARY ISSUES,228,264,86.36363636363636
1975-1979,BANKING AND INVESTMENT,904,1047,86.34192932187202
1975-1979,DEVELOPMENT,2756,3196,86.23279098873591
1975-1979,DEVELOPMENT FINANCE,2737,3179,86.09625668449198
1975-1979,ENVIRONMENT,468,544,86.02941176470588
1975-1979,COMMUNICATION AND MASS MEDIA,232,272,85.29411764705883
1975-1979,INDUSTRIAL DEVELOPMENT SUPPORT SERVICES,218,256,85.15625
1975-1979,DISARMAMENT AND MILITARY QUESTIONS,11040,13048,84.61066830165542
1975-1979,HUMAN RIGHTS,11254,13342,84.35017238794784
1975-1979,DISCRIMINATION,7066,8388,84.23938960419648
1975-1979,LAW OF WAR,115,137,83.94160583941606
1975-1979,ECONOMIC CONDITIONS,771,919,83.89553862894451
1975-1979,TRADE IN MANUFACTURES; BARRIERS TO TRADE,108,129,83.72093023255815
1975-1979,INTERNATIONAL LAW,2281,2733,83.46139773143067
1975-1979,TRANSNATIONAL CORPORATIONS,114,137,83.21167883211679
1975-1979,TELECOMMUNICATIONS,108,130,83.07692307692308
1975-1979,POLITICAL AND LEGAL QUESTIONS,26724,32294,82.7522140335666
1975-1979,GENERAL INTERNATIONAL TRADE AND TRADE POLICY,542,661,81.99697428139183
1975-1979,MAINTENANCE OF PEACE AND SECURITY,11288,13811,81.73195279125335
1975-1979,EDUCATIONAL PERSONNEL AND POPULATION,88,109,80.73394495412845
1975-1979,INTERNATIONAL RELATIONS,11806,14656,80.55403930131004
1975-1979,RESOURCES (GENERAL),431,539,79.96289424860854
1975-1979,SCIENCE AND TECHNOLOGY,207,260,79.61538461538461
1975-1979,POLITICAL EVENTS AND ISSUES,6830,8582,79.58517828012118
1975-1979,ECONOMIC THEORY,111,142,78.16901408450704
1975-1979,WOMEN'S ADVANCEMENT,913,1183,77.1766694843618
1975-1979,NUCLEAR SCIENCE,94,129,72.86821705426357
1975-1979,POLLUTION,95,132,71.96969696969697
1980-1984,ENVIRONMENTAL HEALTH,289,291,99.3127147766323
1980-1984,AIR TRANSPORT,143,144,99.30555555555556
1980-1984,EDUCATION,143,144,99.30555555555556
1980-1984,CRIME AND CRIMINAL JUSTICE,133,134,99.25373134328358
1980-1984,EDUCATIONAL POLICY AND PLANNING,527,536,98.32089552238806
1980-1984,MARINE RESOURCES,554,568,97.53521126760563
1980-1984,WATER,554,568,97.53521126760563
1980-1984,EMPLOYMENT PROMOTION AND PLANNING,134,139,96.40287769784173
1980-1984,SPECIAL CATEGORIES OF WORKERS,134,139,96.40287769784173
1980-1984,ENERGY RESOURCES,278,289,96.19377162629758
1980-1984,BANKING AND INVESTMENT,545,572,95.27972027972028
1980-1984,LAW OF THE SEA,407,429,94.87179487179486
1980-1984,POLLUTION,544,575,94.6086956521739
1980-1984,WELFARE AND SOCIAL SERVICES,2374,2512,94.50636942675159
1980-1984,NON-FORMAL EDUCATION,773,821,94.15347137637028
1980-1984,EDUCATIONAL FACILITIES AND TECHNOLOGY,401,426,94.13145539906104
1980-1984,LAND TRANSPORT,407,435,93.5632183908046
1980-1984,TRANSPORT POLICY AND PLANNING,407,435,93.5632183908046
1980-1984,WATER TRANSPORT AND SHIPPING,407,435,93.5632183908046
1980-1984,POSTAL SERVICES,537,574,93.55400696864112
1980-1984,WOMEN'S ADVANCEMENT,939,1007,93.24726911618669
1980-1984,CULTURE,681,731,93.16005471956224
1980-1984,PROTECTION OF AND ASSISTANCE TO REFUGEES AND DISPLACED PERSONS,6093,6594,92.40218380345769
1980-1984,SOCIAL DEVELOPMENT,7444,8074,92.19717612088184
1980-1984,STATISTICS,250,272,91.91176470588235
1980-1984,OCCUPATIONS,122,133,91.72932330827066
1980-1984,PROTECTION OF INTELLECTUAL AND CULTURAL PROPERTY,122,134,91.04477611940298
1980-1984,RECOMMENDATIONS,1419,1561,90.90326713645099
1980-1984,TRADE (GENERAL MATERIALS),128,141,90.78014184397163
1980-1984,HUMANITARIAN AID AND RELIEF,382,423,90.30732860520094
1980-1984,DISCRIMINATION,10018,11140,89.92818671454219
1980-1984,TELECOMMUNICATIONS,634,709,89.42172073342736
1980-1984,COMPUTER SCIENCE AND TECHNOLOGY,487,553,88.06509945750453
1980-1984,LAW OF WAR,746,850,87.76470588235294
1980-1984,DEVELOPMENT FINANCE,2252,2566,87.7630553390491
1980-1984,DEVELOPMENT,3846,4413,87.15159755268525
1980-1984,TRADE IN COMMODITIES,500,574,87.10801393728222
1980-1984,SKILLS DEVELOPMENT,234,269,86.98884758364312
1980-1984,ENVIRONMENT,1314,1511,86.96227663798808
1980-1984,HUMAN RIGHTS,16263,18820,86.41339001062698
1980-1984,GENERAL AND NATIONAL LAW,826,956,86.40167364016736
1980-1984,INTERNATIONAL LAW,6268,7262,86.31231065822088
1980-1984,COMMUNICATION AND MASS MEDIA,125,145,86.20689655172413
1980-1984,TRANSNATIONAL CORPORATIONS,245,285,85.96491228070175
1980-1984,SPECIAL GROUPS,593,690,85.94202898550725
1980-1984,CULTURAL DEVELOPMENT,122,142,85.91549295774648
1980-1984,WILDLIFE,110,129,85.27131782945736
1980-1984,GENERAL INTERNATIONAL TRADE AND TRADE POLICY,711,836,85.04784688995215
1980-1984,DEVELOPMENT AND TRANSFER OF TECHNOLOGY AND PROMOTION OF SCIENCE,2045,2405,85.03118503118503
1980-1984,PUBLIC FINANCE,4944,5822,84.91927172792855
1980-1984,No Tag,1647,1940,84.89690721649484
1980-1984,ECONOMIC THEORY,118,139,84.89208633093526
1980-1984,INTERNATIONAL TRADE,118,139,84.89208633093526
1980-1984,SPACE SCIENCES,351,415,84.57831325301206
1980-1984,RESOURCES (GENERAL),356,421,84.56057007125891
1980-1984,ECONOMIC CONDITIONS,1159,1374,84.35225618631732
1980-1984,POLITICAL AND LEGAL QUESTIONS,37211,44314,83.97120548810759
1980-1984,NUCLEAR SCIENCE,944,1128,83.68794326241135
1980-1984,INTERNATIONAL RELATIONS,20577,24800,82.97177419354838
1980-1984,PUBLIC ADMINISTRATION,692,838,82.57756563245823
1980-1984,INDUSTRIAL DEVELOPMENT SUPPORT SERVICES,364,441,82.53968253968253
1980-1984,EDUCATIONAL PERSONNEL AND POPULATION,112,136,82.35294117647058
1980-1984,DISARMAMENT AND MILITARY QUESTIONS,23237,28281,82.16470421837984
1980-1984,INTERNATIONAL TRADE LAW,1244,1528,81.41361256544502
1980-1984,MAINTENANCE OF PEACE AND SECURITY,18498,22759,81.27773628015291
1980-1984,POLITICAL EVENTS AND ISSUES,13491,16630,81.1244738424534
1980-1984,MINERAL RESOURCES,107,132,81.06060606060606
1980-1984,SCIENCE AND TECHNOLOGY,1022,1262,80.98256735340729
1980-1984,MONETARY ISSUES,295,413,71.42857142857143
1985-1989,EMPLOYMENT PROMOTION AND PLANNING,154,155,99.35483870967742
1985-1989,HUMANITARIAN AID AND RELIEF,151,152,99.3421052631579
1985-1989,SPECIAL HUMANITARIAN OPERATIONS,1356,1365,99.34065934065934
1985-1989,SPECIAL ECONOMIC AREAS,300,302,99.33774834437085
1985-1989,EDUCATION,297,299,99.33110367892976
1985-1989,EDUCATIONAL POLICY AND PLANNING,293,295,99.32203389830508
1985-1989,HOUSING,305,308,99.02597402597402
1985-1989,NON-FORMAL EDUCATION,747,755,98.94039735099338
1985-1989,COMMODITIES,144,146,98.63013698630137
1985-1989,EDUCATIONAL PERSONNEL AND POPULATION,284,288,98.61111111111111
1985-1989,EDUCATIONAL SYSTEMS,147,150,98.0
1985-1989,EDUCATIONAL FACILITIES AND TECHNOLOGY,438,447,97.98657718120806
1985-1989,CULTURAL DEVELOPMENT,144,147,97.95918367346938
1985-1989,MARINE RESOURCES,714,736,97.01086956521739
1985-1989,WATER,568,586,96.9283276450512
1985-1989,WOMEN'S ADVANCEMENT,146,154,94.8051948051948
1985-1989,LAW OF THE SEA,1128,1195,94.39330543933055
1985-1989,MONETARY ISSUES,415,440,94.31818181818183
1985-1989,POLLUTION,569,604,94.20529801324503
1985-1989,ENVIRONMENT,1624,1731,93.81860196418256
1985-1989,WELFARE AND SOCIAL SERVICES,3063,3286,93.21363359707851
1985-1989,STATISTICS,135,145,93.10344827586206
1985-1989,PROTECTION OF AND ASSISTANCE TO REFUGEES AND DISPLACED PERSONS,7915,8517,92.93178349183985
1985-1989,SOCIAL DEVELOPMENT,9512,10483,90.73738433654488
1985-1989,DEVELOPMENT FINANCE,1983,2186,90.71363220494052
1985-1989,LIFE SCIENCES,135,149,90.60402684563759
1985-1989,LAND FORMS AND ECOSYSTEMS,308,340,90.58823529411765
1985-1989,DEVELOPMENT,3892,4313,90.23881289125897
1985-1989,GEOGRAPHY,610,676,90.23668639053254
1985-1989,COMPUTER SCIENCE AND TECHNOLOGY,809,898,90.0890868596882
1985-1989,LAW OF WAR,399,443,90.06772009029346
1985-1989,PROTECTION OF INTELLECTUAL AND CULTURAL PROPERTY,362,405,89.38271604938272
1985-1989,CONFERENCES,130,147,88.43537414965986
1985-1989,DEVELOPMENT AND TRANSFER OF TECHNOLOGY AND PROMOTION OF SCIENCE,1470,1669,88.07669263031755
1985-1989,RECOMMENDATIONS,4231,4814,87.88948899044455
1985-1989,ECONOMIC CONDITIONS,2450,2792,87.75071633237822
1985-1989,SCIENCE AND TECHNOLOGY,1319,1515,87.06270627062706
1985-1989,BANKING AND INVESTMENT,388,446,86.99551569506725
1985-1989,TELECOMMUNICATIONS,513,590,86.94915254237287
1985-1989,PUBLIC FINANCE,2408,2777,86.71227943824272
1985-1989,DISCRIMINATION,10551,12190,86.55455291222313
1985-1989,INTERNATIONAL LAW,6851,7937,86.3172483306035
1985-1989,GENERAL AND NATIONAL LAW,1154,1340,86.11940298507463
1985-1989,HUMAN RIGHTS,19289,22401,86.10776304629258
1985-1989,NUCLEAR SCIENCE,2062,2396,86.0601001669449
1985-1989,DISARMAMENT AND MILITARY QUESTIONS,27468,31946,85.98259563012583
1985-1989,INDUSTRIAL DEVELOPMENT SUPPORT SERVICES,123,144,85.41666666666666
1985-1989,INTERNATIONAL RELATIONS,23636,27890,84.74722122624595
1985-1989,CULTURE,380,449,84.63251670378618
1985-1989,SPECIAL CATEGORIES OF WORKERS,374,442,84.61538461538461
1985-1989,SPACE SCIENCES,126,149,84.56375838926175
1985-1989,POLITICAL AND LEGAL QUESTIONS,39189,46351,84.54833768419235
1985-1989,No Tag,735,874,84.09610983981693
1985-1989,MAINTENANCE OF PEACE AND SECURITY,20971,24964,84.00496715269988
1985-1989,SPECIAL GROUPS,628,750,83.73333333333333
1985-1989,CONDITIONS OF EMPLOYMENT,480,580,82.75862068965517
1985-1989,POLITICAL EVENTS AND ISSUES,14690,17839,82.34766522787152
1985-1989,HISTORICAL PERIODS,486,594,81.81818181818183
1985-1989,TRADE RELATED FINANCE,236,296,79.72972972972973
1985-1989,TRADE IN COMMODITIES,908,1159,78.34339948231234
1985-1989,INTERNATIONAL TRADE LAW,1295,1730,74.85549132947978
1985-1989,OCCUPATIONS,100,142,70.4225352112676
1985-1989,TRADE (GENERAL MATERIALS),560,824,67.96116504854369
1990-1994,NON-FORMAL EDUCATION,472,475,99.36842105263159
1990-1994,EDUCATIONAL PERSONNEL AND POPULATION,147,148,99.32432432432432
1990-1994,EMPLOYMENT PROMOTION AND PLANNING,138,139,99.28057553956835
1990-1994,SKILLS DEVELOPMENT,138,139,99.28057553956835
1990-1994,TRANSNATIONAL CORPORATIONS,138,139,99.28057553956835
1990-1994,EDUCATIONAL POLICY AND PLANNING,902,913,98.79518072289156
1990-1994,EDUCATION,151,153,98.69281045751634
1990-1994,EDUCATIONAL FACILITIES AND TECHNOLOGY,590,598,98.66220735785953
1990-1994,EDUCATIONAL SYSTEMS,593,603,98.34162520729684
1990-1994,LANGUAGE,139,142,97.88732394366197
1990-1994,PHILOSOPHY AND RELIGION,446,457,97.59299781181619
1990-1994,CULTURAL DEVELOPMENT,596,611,97.54500818330605
1990-1994,MARINE RESOURCES,121,128,94.53125
1990-1994,LAW OF THE SEA,1156,1231,93.90739236393176
1990-1994,GENERAL AND NATIONAL LAW,203,217,93.54838709677419
1990-1994,GEOGRAPHY,98,105,93.33333333333333
1990-1994,WELFARE AND SOCIAL SERVICES,2366,2563,92.31369488880219
1990-1994,PROTECTION OF AND ASSISTANCE TO REFUGEES AND DISPLACED PERSONS,5835,6323,92.28214455163688
1990-1994,SOCIAL DEVELOPMENT,6709,7327,91.56544288248942
1990-1994,SCIENCE AND TECHNOLOGY,453,502,90.2390438247012
1990-1994,PROTECTION OF INTELLECTUAL AND CULTURAL PROPERTY,390,442,88.23529411764706
1990-1994,NUCLEAR SCIENCE,1903,2187,87.01417466849566
1990-1994,WATER,405,470,86.17021276595744
1990-1994,POLLUTION,672,780,86.15384615384616
1990-1994,RECOMMENDATIONS,915,1067,85.75445173383318
1990-1994,DISARMAMENT AND MILITARY QUESTIONS,13546,15805,85.70705472951597
1990-1994,PUBLIC FINANCE,280,329,85.1063829787234
1990-1994,HISTORICAL PERIODS,216,254,85.03937007874016
1990-1994,INTERNATIONAL LAW,3795,4482,84.67202141900937
1990-1994,DEVELOPMENT AND TRANSFER OF TECHNOLOGY AND PROMOTION OF SCIENCE,832,984,84.5528455284553
1990-1994,MAINTENANCE OF PEACE AND SECURITY,12136,14425,84.1317157712305
1990-1994,ENVIRONMENT,882,1051,83.92007611798287
1990-1994,TRADE IN COMMODITIES,252,304,82.89473684210526
1990-1994,HUMAN RIGHTS,12954,15715,82.43079860006364
1990-1994,DISCRIMINATION,7923,9632,82.25705980066445
1990-1994,SPECIAL GROUPS,491,597,82.24455611390285
1990-1994,SPACE SCIENCES,774,944,81.99152542372882
1990-1994,DEVELOPMENT,593,729,81.3443072702332
1990-1994,POLITICAL AND LEGAL QUESTIONS,25185,31222,80.66427519057075
1990-1994,INTERNATIONAL RELATIONS,15890,19827,80.14323901750139
1990-1994,POLITICAL EVENTS AND ISSUES,13072,16437,79.52789438462007
1990-1994,CULTURE,234,300,78.0
1990-1994,INTERNATIONAL TRADE LAW,117,154,75.97402597402598
1990-1994,DEVELOPMENT FINANCE,570,757,75.29722589167768
1990-1994,CRIME AND CRIMINAL JUSTICE,348,481,72.34927234927235
1990-1994,ECONOMIC CONDITIONS,703,1023,68.71945259042033
1990-1994,GENERAL INTERNATIONAL TRADE AND TRADE POLICY,248,433,57.27482678983834
1990-1994,TRADE RELATED FINANCE,248,433,57.27482678983834
1990-1994,FAMILY PLANNING,88,163,53.987730061349694
1995-1999,TELECOMMUNICATIONS,172,172,100.0
1995-1999,EDUCATIONAL POLICY AND PLANNING,794,799,99.37421777221527
1995-1999,NON-FORMAL EDUCATION,794,799,99.37421777221527
1995-1999,MONETARY ISSUES,155,156,99.35897435897436
1995-1999,WOMEN'S ADVANCEMENT,86,87,98.85057471264368
1995-1999,WELFARE AND SOCIAL SERVICES,2144,2189,97.9442667884879
1995-1999,EDUCATIONAL PERSONNEL AND POPULATION,156,160,97.5
1995-1999,EDUCATIONAL FACILITIES AND TECHNOLOGY,776,796,97.48743718592965
1995-1999,LAW OF WAR,621,638,97.33542319749216
1995-1999,PROTECTION OF AND ASSISTANCE TO REFUGEES AND DISPLACED PERSONS,4610,4755,96.95057833859096
1995-1999,CULTURE,151,156,96.7948717948718
1995-1999,COMMUNICATION AND MASS MEDIA,464,480,96.66666666666667
1995-1999,MARINE RESOURCES,401,418,95.93301435406698
1995-1999,No Tag,2040,2140,95.32710280373831
1995-1999,ENVIRONMENT,1184,1252,94.56869009584665
1995-1999,LAW OF THE SEA,373,412,90.53398058252428
1995-1999,RECOMMENDATIONS,848,938,90.40511727078892
1995-1999,RESOURCES (GENERAL),559,622,89.87138263665595
1995-1999,MAINTENANCE OF PEACE AND SECURITY,15092,17559,85.95022495586309
1995-1999,INTERNATIONAL LAW,3339,3943,84.68171443063656
1995-1999,SOCIAL DEVELOPMENT,4728,5659,83.54833009365612
1995-1999,TRADE RELATED FINANCE,816,978,83.43558282208589
1995-1999,DISARMAMENT AND MILITARY QUESTIONS,16335,19808,82.46668012924071
1995-1999,NUCLEAR SCIENCE,1241,1506,82.40371845949535
1995-1999,PROTECTION OF INTELLECTUAL AND CULTURAL PROPERTY,211,258,81.78294573643412
1995-1999,GENERAL INTERNATIONAL TRADE AND TRADE POLICY,925,1138,81.2829525483304
1995-1999,INTERNATIONAL RELATIONS,17821,22389,79.59712358747599
1995-1999,DEVELOPMENT FINANCE,1000,1263,79.1765637371338
1995-1999,DEVELOPMENT,1152,1461,78.85010266940452
1995-1999,WATER,103,133,77.44360902255639
1995-1999,POLITICAL AND LEGAL QUESTIONS,20654,26725,77.28344246959776
1995-1999,SCIENCE AND TECHNOLOGY,630,831,75.81227436823104
1995-1999,ECONOMIC CONDITIONS,1315,1736,75.74884792626729
1995-1999,POLITICAL EVENTS AND ISSUES,12489,17100,73.03508771929825
1995-1999,DEVELOPMENT AND TRANSFER OF TECHNOLOGY AND PROMOTION OF SCIENCE,827,1161,71.23169681309216
1995-1999,SPACE SCIENCES,110,159,69.18238993710692
1995-1999,HUMAN RIGHTS,8053,11658,69.07702864985417
1995-1999,DISCRIMINATION,3157,4627,68.22995461422087
1995-1999,PUBLIC FINANCE,316,468,67.52136752136752
1995-1999,SPECIAL HUMANITARIAN OPERATIONS,198,298,66.44295302013423
1995-1999,LANGUAGE,100,164,60.97560975609756
1995-1999,COMPUTER SCIENCE AND TECHNOLOGY,98,163,60.122699386503065
1995-1999,FAMILY PLANNING,86,170,50.588235294117645
2000-2004,INTERNATIONAL TRADE LAW,166,166,100.0
2000-2004,PHILOSOPHY AND RELIGION,363,364,99.72527472527473
2000-2004,DISEASE PREVENTION AND CONTROL,180,181,99.4475138121547
2000-2004,DISEASES AND CARRIERS OF DISEASES,180,181,99.4475138121547
2000-2004,NON-FORMAL EDUCATION,478,481,99.37629937629939
2000-2004,EDUCATIONAL POLICY AND PLANNING,629,636,98.89937106918238
2000-2004,FOOD AND NUTRITION,350,357,98.0392156862745
2000-2004,EDUCATIONAL SYSTEMS,151,155,97.41935483870968
2000-2004,COMPREHENSIVE HEALTH SERVICES,173,179,96.64804469273743
2000-2004,HEALTH,173,179,96.64804469273743
2000-2004,TRADE RELATED FINANCE,863,893,96.64053751399776
2000-2004,ENVIRONMENT,1674,1734,96.53979238754326
2000-2004,DEVELOPMENT FINANCE,1372,1422,96.48382559774966
2000-2004,RECOMMENDATIONS,342,356,96.06741573033707
2000-2004,EDUCATIONAL FACILITIES AND TECHNOLOGY,311,324,95.98765432098766
2000-2004,COMMUNICATION AND MASS MEDIA,153,160,95.625
2000-2004,INTERNATIONAL TRADE,165,173,95.37572254335261
2000-2004,SPECIAL GROUPS,165,173,95.37572254335261
2000-2004,EDUCATIONAL PERSONNEL AND POPULATION,155,164,94.51219512195121
2000-2004,LAW OF WAR,777,824,94.29611650485437
2000-2004,RESOURCES (GENERAL),761,812,93.7192118226601
2000-2004,MARINE RESOURCES,794,858,92.54079254079254
2000-2004,ECONOMIC CONDITIONS,1671,1810,92.32044198895028
2000-2004,PROTECTION OF AND ASSISTANCE TO REFUGEES AND DISPLACED PERSONS,4733,5146,91.97434900893899
2000-2004,GENERAL INTERNATIONAL TRADE AND TRADE POLICY,1388,1523,91.13591595535128
2000-2004,WELFARE AND SOCIAL SERVICES,1941,2162,89.77798334875115
2000-2004,DEVELOPMENT,1954,2192,89.14233576642336
2000-2004,SOCIAL DEVELOPMENT,7081,8325,85.05705705705707
2000-2004,MAINTENANCE OF PEACE AND SECURITY,13948,16453,84.7748131039932
2000-2004,INTERNATIONAL LAW,4062,4838,83.96031417941298
2000-2004,PUBLIC FINANCE,464,553,83.90596745027125
2000-2004,NUCLEAR SCIENCE,1772,2136,82.95880149812734
2000-2004,DISARMAMENT AND MILITARY QUESTIONS,16526,20163,81.96200962158409
2000-2004,WOMEN'S ADVANCEMENT,531,669,79.37219730941703
2000-2004,INTERNATIONAL RELATIONS,18560,23781,78.04549850721165
2000-2004,POLITICAL AND LEGAL QUESTIONS,22013,28630,76.88787984631506
2000-2004,DISCRIMINATION,3680,4854,75.81376184590029
2000-2004,HUMAN RIGHTS,11906,15969,74.55695409856598
2000-2004,POLITICAL EVENTS AND ISSUES,11864,16417,72.2665529633916
2000-2004,WILDLIFE,103,147,70.06802721088435
2000-2004,No Tag,222,356,62.35955056179775
2000-2004,SCIENCE AND TECHNOLOGY,212,347,61.09510086455331
2000-2004,DEVELOPMENT AND TRANSFER OF TECHNOLOGY AND PROMOTION OF SCIENCE,491,825,59.51515151515151
2000-2004,COMPUTER SCIENCE AND TECHNOLOGY,92,155,59.354838709677416
2005-2009,TELECOMMUNICATIONS,709,713,99.4389901823282
2005-2009,FOOD AND NUTRITION,371,374,99.19786096256684
2005-2009,SPACE SCIENCES,714,722,98.89196675900277
2005-2009,GENERAL AND NATIONAL LAW,140,142,98.59154929577466
2005-2009,No Tag,1906,1947,97.89419619928094
2005-2009,WATER,140,145,96.55172413793103
2005-2009,MARINE RESOURCES,1386,1450,95.58620689655173
2005-2009,WELFARE AND SOCIAL SERVICES,845,891,94.83726150392818
2005-2009,POLLUTION,668,709,94.21720733427362
2005-2009,LAW OF WAR,832,888,93.69369369369369
2005-2009,TRADE RELATED FINANCE,1044,1123,92.96527159394479
2005-2009,COMMUNICATION AND MASS MEDIA,483,521,92.7063339731286
2005-2009,RESOURCES (GENERAL),814,884,92.0814479638009
2005-2009,ENVIRONMENT,1664,1808,92.03539823008849
2005-2009,COMPUTER SCIENCE AND TECHNOLOGY,819,892,91.81614349775785
2005-2009,WOMEN'S ADVANCEMENT,374,411,90.99756690997567
2005-2009,PROTECTION OF AND ASSISTANCE TO REFUGEES AND DISPLACED PERSONS,3581,3997,89.5921941456092
2005-2009,MAINTENANCE OF PEACE AND SECURITY,16409,18648,87.99335049335049
2005-2009,DEVELOPMENT FINANCE,1287,1465,87.84982935153583
2005-2009,NUCLEAR SCIENCE,1051,1210,86.85950413223141
2005-2009,RECOMMENDATIONS,621,730,85.06849315068493
2005-2009,DISARMAMENT AND MILITARY QUESTIONS,20237,23799,85.032984579184
2005-2009,ECONOMIC CONDITIONS,1539,1824,84.375
2005-2009,SOCIAL DEVELOPMENT,5869,7007,83.75909804481233
2005-2009,PUBLIC ADMINISTRATION,263,315,83.4920634920635
2005-2009,GENERAL INTERNATIONAL TRADE AND TRADE POLICY,1909,2356,81.02716468590832
2005-2009,DEVELOPMENT,3042,3773,80.62549695202756
2005-2009,INTERNATIONAL LAW,3594,4459,80.60103162143979
2005-2009,INTERNATIONAL RELATIONS,21104,26718,78.98794819971555
2005-2009,PUBLIC FINANCE,394,502,78.48605577689243
2005-2009,POLITICAL AND LEGAL QUESTIONS,23084,30473,75.75230531946313
2005-2009,HUMAN RIGHTS,12804,17577,72.84519542584059
2005-2009,LAND FORMS AND ECOSYSTEMS,120,167,71.8562874251497
2005-2009,DEVELOPMENT AND TRANSFER OF TECHNOLOGY AND PROMOTION OF SCIENCE,511,713,71.66900420757362
2005-2009,INTERNATIONAL TRADE,745,1063,70.08466603951082
2005-2009,DISCRIMINATION,5301,7604,69.71330878485008
2005-2009,CULTURAL DEVELOPMENT,126,183,68.85245901639344
2005-2009,POLITICAL EVENTS AND ISSUES,11848,17408,68.06066176470588
2005-2009,FAMILY PLANNING,121,185,65.4054054054054
2005-2009,SCIENCE AND TECHNOLOGY,108,178,60.67415730337079
2005-2009,SPECIAL GROUPS,86,143,60.13986013986013
2005-2009,PHILOSOPHY AND RELIGION,486,904,53.76106194690266
2010-2014,INTERNATIONAL TRADE LAW,177,181,97.79005524861878
2010-2014,ENVIRONMENT,817,852,95.89201877934272
2010-2014,NUCLEAR SCIENCE,706,740,95.4054054054054
2010-2014,WATER,134,141,95.0354609929078
2010-2014,WELFARE AND SOCIAL SERVICES,835,880,94.88636363636364
2010-2014,MARINE RESOURCES,1489,1571,94.78039465308721
2010-2014,LAW OF WAR,975,1042,93.57005758157389
2010-2014,POLLUTION,839,899,93.32591768631812
2010-2014,RESOURCES (GENERAL),837,909,92.07920792079209
2010-2014,TRADE RELATED FINANCE,1186,1318,89.98482549317147
2010-2014,ECONOMIC CONDITIONS,1449,1682,86.1474435196195
2010-2014,SPACE SCIENCES,309,360,85.83333333333333
2010-2014,MAINTENANCE OF PEACE AND SECURITY,14347,16806,85.36832083779603
2010-2014,DISARMAMENT AND MILITARY QUESTIONS,21121,24846,85.00764710617403
2010-2014,PROTECTION OF AND ASSISTANCE TO REFUGEES AND DISPLACED PERSONS,3777,4454,84.80017961383027
2010-2014,DEVELOPMENT FINANCE,1685,2017,83.53991075855231
2010-2014,GENERAL INTERNATIONAL TRADE AND TRADE POLICY,1694,2034,83.2841691248771
2010-2014,RECOMMENDATIONS,312,376,82.97872340425532
2010-2014,DEVELOPMENT,3213,3978,80.76923076923077
2010-2014,DEVELOPMENT AND TRANSFER OF TECHNOLOGY AND PROMOTION OF SCIENCE,285,355,80.28169014084507
2010-2014,INTERNATIONAL LAW,4871,6078,80.1414939124712
2010-2014,INTERNATIONAL RELATIONS,19553,24818,78.78555886856314
2010-2014,PUBLIC ADMINISTRATION,398,506,78.65612648221344
2010-2014,POLITICAL AND LEGAL QUESTIONS,23111,29733,77.72844987051424
2010-2014,EMPLOYMENT PROMOTION AND PLANNING,274,353,77.62039660056658
2010-2014,SKILLS DEVELOPMENT,274,353,77.62039660056658
2010-2014,SOCIAL DEVELOPMENT,4528,6015,75.27847049044057
2010-2014,PUBLIC FINANCE,639,850,75.17647058823529
2010-2014,ENVIRONMENTAL HEALTH,122,163,74.84662576687117
2010-2014,HUMAN RIGHTS,11992,16629,72.1149798544711
2010-2014,POLITICAL EVENTS AND ISSUES,11892,16621,71.54804163407738
2010-2014,CULTURAL DEVELOPMENT,272,381,71.39107611548556
2010-2014,POPULATION DYNAMICS,129,181,71.27071823204419
2010-2014,SPECIAL GROUPS,129,181,71.27071823204419
2010-2014,INTERNATIONAL TRADE,508,716,70.94972067039106
2010-2014,MONETARY ISSUES,244,346,70.52023121387283
2010-2014,ECONOMIC THEORY,126,179,70.39106145251397
2010-2014,DISCRIMINATION,4270,6111,69.87399770904925
2010-2014,GENERAL AND NATIONAL LAW,298,523,56.97896749521989
2010-2014,PHILOSOPHY AND RELIGION,79,186,42.473118279569896
2015-2019,PERSONS WITH DISABILITIES,187,187,100.0
2015-2019,WOMEN'S ADVANCEMENT,187,187,100.0
2015-2019,MONETARY ISSUES,543,547,99.26873857404021
2015-2019,COMMODITIES,359,362,99.17127071823204
2015-2019,TRADE IN COMMODITIES,359,362,99.17127071823204
2015-2019,INDUSTRIAL DEVELOPMENT SUPPORT SERVICES,183,185,98.91891891891892
2015-2019,FOOD AND NUTRITION,903,913,98.90470974808323
2015-2019,PHILOSOPHY AND RELIGION,165,167,98.80239520958084
2015-2019,ENERGY RESOURCES,183,186,98.38709677419355
2015-2019,ENVIRONMENTAL HEALTH,183,186,98.38709677419355
2015-2019,POPULATION DYNAMICS,182,187,97.32620320855615
2015-2019,NUCLEAR SCIENCE,1338,1392,96.12068965517241
2015-2019,PROGRAMME PLANNING,148,154,96.1038961038961
2015-2019,COMMUNICATION AND MASS MEDIA,320,336,95.23809523809523
2015-2019,MARINE RESOURCES,1639,1732,94.63048498845265
2015-2019,WELFARE AND SOCIAL SERVICES,828,889,93.13835770528684
2015-2019,POLLUTION,1156,1256,92.03821656050955
2015-2019,DEVELOPMENT FINANCE,1892,2062,91.75557710960233
2015-2019,TRADE RELATED FINANCE,1202,1319,91.12964366944655
2015-2019,LAW OF WAR,646,709,91.11424541607899
2015-2019,WATER,163,180,90.55555555555556
2015-2019,SPECIAL GROUPS,152,169,89.94082840236686
2015-2019,GENERAL INTERNATIONAL TRADE AND TRADE POLICY,2138,2416,88.49337748344371
2015-2019,INTERNATIONAL TRADE,806,917,87.89531079607416
2015-2019,No Tag,372,428,86.91588785046729
2015-2019,RESOURCES (GENERAL),1573,1819,86.47608576140736
2015-2019,ENVIRONMENT,2286,2682,85.23489932885906
2015-2019,PROTECTION OF AND ASSISTANCE TO REFUGEES AND DISPLACED PERSONS,4138,4884,84.72563472563472
2015-2019,NATURAL RESOURCES AND THE ENVIRONMENT,615,726,84.71074380165288
2015-2019,RECOMMENDATIONS,894,1061,84.26013195098963
2015-2019,ECONOMIC CONDITIONS,1682,1999,84.14207103551776
2015-2019,DEVELOPMENT,5372,6433,83.50691745686305
2015-2019,DEVELOPMENT AND TRANSFER OF TECHNOLOGY AND PROMOTION OF SCIENCE,452,546,82.78388278388277
2015-2019,COMPUTER SCIENCE AND TECHNOLOGY,730,886,82.39277652370203
2015-2019,DISARMAMENT AND MILITARY QUESTIONS,25052,30824,81.27433168959253
2015-2019,MAINTENANCE OF PEACE AND SECURITY,18896,23486,80.45644213574043
2015-2019,SOCIAL DEVELOPMENT,6253,7821,79.95141286280527
2015-2019,INTERNATIONAL LAW,7188,9025,79.64542936288088
2015-2019,INTERNATIONAL TRADE LAW,261,328,79.57317073170732
2015-2019,SPACE SCIENCES,999,1268,78.78548895899054
2015-2019,CULTURAL DEVELOPMENT,590,754,78.24933687002653
2015-2019,INTERNATIONAL RELATIONS,21803,28189,77.3457731739331
2015-2019,POLITICAL AND LEGAL QUESTIONS,23657,31304,75.5718119090212
2015-2019,CULTURE,127,174,72.98850574712644
2015-2019,HUMAN RIGHTS,12953,17792,72.80238309352518
2015-2019,ECONOMIC THEORY,264,370,71.35135135135135
2015-2019,PUBLIC FINANCE,620,870,71.26436781609196
2015-2019,POLITICAL EVENTS AND ISSUES,11949,16945,70.5163765122455
2015-2019,DISCRIMINATION,4596,6748,68.10906935388263
2015-2019,STATISTICS,101,150,67.33333333333333
2015-2019,TELECOMMUNICATIONS,602,899,66.96329254727475
2015-2019,PUBLIC ADMINISTRATION,86,130,66.15384615384615
2020-2024,MONETARY ISSUES,355,357,99.43977591036415
2020-2024,COMMODITIES,177,178,99.43820224719101
2020-2024,TRADE IN COMMODITIES,177,178,99.43820224719101
2020-2024,MINERAL RESOURCES,366,369,99.1869918699187
2020-2024,STATISTICS,168,170,98.82352941176471
2020-2024,COMPREHENSIVE HEALTH SERVICES,350,355,98.59154929577466
2020-2024,WATER,497,505,98.41584158415841
2020-2024,CULTURE,118,120,98.33333333333333
2020-2024,WILDLIFE,314,320,98.125
2020-2024,HUMANITARIAN AID AND RELIEF,150,153,98.0392156862745
2020-2024,LAW OF THE SEA,311,318,97.79874213836479
2020-2024,POPULATION DYNAMICS,175,179,97.76536312849163
2020-2024,GENERAL AND NATIONAL LAW,157,164,95.73170731707317
2020-2024,INTERNATIONAL TRADE LAW,157,164,95.73170731707317
2020-2024,POLLUTION,2217,2323,95.43693499784762
2020-2024,ENVIRONMENT,2711,2844,95.32348804500702
2020-2024,MARINE RESOURCES,1862,1959,95.048494129658
2020-2024,DISEASE PREVENTION AND CONTROL,924,978,94.47852760736197
2020-2024,DISEASES AND CARRIERS OF DISEASES,924,978,94.47852760736197
2020-2024,WELFARE AND SOCIAL SERVICES,1462,1559,93.7780628608082
2020-2024,TRADE RELATED FINANCE,871,937,92.95624332977587
2020-2024,PUBLIC ADMINISTRATION,609,658,92.5531914893617
2020-2024,WOMEN'S ADVANCEMENT,812,893,90.92945128779395
2020-2024,RESOURCES (GENERAL),966,1067,90.53420805998125
2020-2024,PUBLIC FINANCE,1046,1157,90.40622299049265
2020-2024,DEVELOPMENT FINANCE,1773,1999,88.69434717358679
2020-2024,NUCLEAR SCIENCE,1988,2336,85.1027397260274
2020-2024,GENERAL INTERNATIONAL TRADE AND TRADE POLICY,1863,2192,84.99087591240875
2020-2024,ECONOMIC CONDITIONS,1376,1650,83.3939393939394
2020-2024,PROTECTION OF AND ASSISTANCE TO REFUGEES AND DISPLACED PERSONS,3852,4691,82.11468769985078
2020-2024,SPACE SCIENCES,1632,1990,82.01005025125629
2020-2024,NATURAL RESOURCES AND THE ENVIRONMENT,287,351,81.76638176638177
2020-2024,INTERNATIONAL TRADE,866,1077,80.40854224698236
2020-2024,DISARMAMENT AND MILITARY QUESTIONS,24679,30735,80.29607938831951
2020-2024,DEVELOPMENT,4468,5576,80.12912482065997
2020-2024,INTERNATIONAL LAW,7212,9018,79.97338656021292
2020-2024,RECOMMENDATIONS,285,359,79.38718662952647
2020-2024,PHILOSOPHY AND RELIGION,229,290,78.96551724137932
2020-2024,SOCIAL DEVELOPMENT,6857,8719,78.64433994724166
2020-2024,MAINTENANCE OF PEACE AND SECURITY,18417,23733,77.6008090001264
2020-2024,SPECIAL HUMANITARIAN OPERATIONS,140,183,76.50273224043715
2020-2024,INTERNATIONAL RELATIONS,18180,24335,74.70721183480583
2020-2024,COMPUTER SCIENCE AND TECHNOLOGY,630,845,74.55621301775149
2020-2024,TELECOMMUNICATIONS,625,857,72.92882147024504
2020-2024,LAW OF WAR,115,158,72.78481012658227
2020-2024,POLITICAL AND LEGAL QUESTIONS,17989,24806,72.5187454648069
2020-2024,HUMAN RIGHTS,10981,15442,71.11125501877996
2020-2024,ECONOMIC THEORY,256,361,70.91412742382272
2020-2024,CULTURAL DEVELOPMENT,263,373,70.50938337801608
2020-2024,NARCOTIC DRUGS,124,178,69.66292134831461
2020-2024,TAXATION,230,338,68.04733727810651
2020-2024,DISCRIMINATION,3869,5763,67.13517265313205
2020-2024,HISTORICAL PERIODS,123,185,66.48648648648648
2020-2024,DEVELOPMENT AND TRANSFER OF TECHNOLOGY AND PROMOTION OF SCIENCE,564,871,64.75315729047072
2020-2024,POLITICAL EVENTS AND ISSUES,8155,12594,64.7530570112752
2020-2024,ENERGY RESOURCES,99,168,58.92857142857143
